-- CREATE TABLES
-- Назва будівль
CREATE TABLE IF NOT EXISTS eco_factory (
    id SERIAL PRIMARY KEY,
    factory_name VARCHAR(255) NOT NULL
);

-- Координати будівель
CREATE TABLE IF NOT EXISTS factory_coordinates (
    id SERIAL PRIMARY KEY,
    factory_id INT NOT NULL,
    latitude DECIMAL(15, 10) NOT NULL,
    longitude DECIMAL(15, 10) NOT NULL,
    FOREIGN KEY (factory_id) REFERENCES eco_factory (id) ON DELETE CASCADE
);

-- Категорії (наприклад, 'Стан повітря')
CREATE TABLE IF NOT EXISTS category (
    id SERIAL PRIMARY KEY,
    category_name VARCHAR(255) NOT NULL
);

-- Компоненти кожної категорії 
CREATE TABLE IF NOT EXISTS category_component (
    id SERIAL PRIMARY KEY,
    category_id INT NOT NULL,
    component_type VARCHAR(50) CHECK (component_type IN ('Вимірювальні', 'Розраховані')),
    component_name VARCHAR(255) NOT NULL,
    FOREIGN KEY (category_id) REFERENCES category (id) ON DELETE CASCADE
);

-- Дані вимірювання
CREATE TABLE IF NOT EXISTS component_measurement (
    id SERIAL PRIMARY KEY,
    component_id INT NOT NULL,
    factory_id INT NOT NULL,
    measurement_date DATE,
    value NUMERIC(18, 4),
    unit VARCHAR(50),
    FOREIGN KEY (component_id) REFERENCES category_component (id) ON DELETE CASCADE,
    FOREIGN KEY (factory_id) REFERENCES eco_factory (id) ON DELETE CASCADE
);


-- INSERT DATA 

INSERT INTO eco_factory (factory_name)
VALUES 
('ЕкоТех Пром'),
('Зелена Енергія'),
('Біо-Ресурс'),
('Сонячна Фабрика'),
('Водний Світ'),
('Сільськогосподарський Центр'),
('Металургічний Завод ЕКО'),
('Екологічна Теплоенергія'),
('ХімПром Безпека'),
('ЕкоБуд Технології');

INSERT INTO factory_coordinates (factory_id, latitude, longitude)
VALUES 
    (1, 50.4340298215, 30.5454834555),
    (2, 50.4334942216, 30.5467733401),
    (3, 50.4226532049, 30.4050006385),
    (4, 50.4662052399, 30.3443669115),
    (5, 50.4746283572, 30.4394753962),
    (6, 50.4425367292, 30.6266690385),
    (7, 50.3590408137, 30.6214175623),
    (8, 50.3822525700, 30.6368230007),
    (9, 50.4234259254, 30.3890921036),
    (10, 50.3781796310, 30.4596389827);

INSERT INTO category (id, category_name)
VALUES 
    (1, 'Стан повітря'),
    (2, 'Стан водних ресурсів'),
    (3, 'Стан ґрунтів'),
    (4, 'Рівень радіації'),
    (5, 'Відходи'),
    (6, 'Економічний стан'),
    (7, 'Стан здоров’я населення'),
    (8, 'Енергетичний стан');

INSERT INTO category_component (id, category_id, component_type, component_name)
VALUES 
    (1, 1, 'Вимірювальні', 'Вміст пилу'),
    (2, 1, 'Вимірювальні', 'Двоокис азоту (NO2)'),
    (3, 1, 'Вимірювальні', 'Двоокис сірки (SO2)'),
    (4, 1, 'Вимірювальні', 'Оксид вуглецю'),
    (5, 1, 'Вимірювальні', 'Формальдегід (H2CO)'),
    (6, 1, 'Вимірювальні', 'Свинець'),
    (7, 1, 'Вимірювальні', 'Бенз(а)пірен'),
    (8, 1, 'Розраховані', 'Iндекс якості повітря'),
    (9, 2, 'Вимірювальні', 'Показники епідемічної безпеки (мікробіологічні)'),
    (10, 2, 'Вимірювальні', 'Показники епідемічної безпеки (паразитарні)'),
    (11, 2, 'Вимірювальні', 'Санітарно-хімічні (органолептичні)'),
    (12, 2, 'Вимірювальні', 'Санітарно-хімічні (фізико-хімічні)'),
    (13, 2, 'Вимірювальні', 'Санітарно-хімічні (санітарно-токсикологічні)'),
    (14, 2, 'Вимірювальні', 'Радіаційні показники'),
    (15, 2, 'Розраховані', 'Індекс забрудненості води'),
    (16, 3, 'Вимірювальні', 'Гумус'),
    (17, 3, 'Вимірювальні', 'Рухомі сполуки фосфору (P2O5)'),
    (18, 3, 'Вимірювальні', 'Рухомі сполуки калію (K2O)'),
    (19, 3, 'Вимірювальні', 'Засоленість'),
    (20, 3, 'Вимірювальні', 'Солонцюватість'),
    (21, 3, 'Вимірювальні', 'Забруднення хімічними речовинами'),
    (22, 3, 'Вимірювальні', 'pH'),
    (23, 3, 'Розраховані', 'Бал бонітету для складового ґрунту'),
    (24, 4, 'Вимірювальні', 'Рівень радіації'),
    (25, 4, 'Розраховані', 'Placeholder'),
    (26, 5, 'Вимірювальні', 'Клас небезпеки'),
    (27, 5, 'Вимірювальні', 'Токсичність'),
    (28, 5, 'Вимірювальні', 'Склад (вміст речовин)'),
    (29, 5, 'Вимірювальні', 'Маса або об’єм'),
    (30, 6, 'Вимірювальні', 'Валовий внутрішній продукт'),
    (31, 6, 'Вимірювальні', 'Вантажообіг'),
    (32, 6, 'Вимірювальні', 'Пасажирообіг'),
    (33, 6, 'Вимірювальні', 'Експорт товарів та послуг'),
    (34, 6, 'Вимірювальні', 'Імпорт товарів та послуг'),
    (35, 6, 'Вимірювальні', 'Заробітна плата'),
    (36, 6, 'Розраховані', 'Індекс промислової продукції'),
    (37, 6, 'Розраховані', 'Індекс обсягу сільськогосподарського виробництва'),
    (38, 6, 'Розраховані', 'Індекс будівельної продукції'),
    (39, 6, 'Розраховані', 'Індекс споживчих цін'),
    (40, 6, 'Розраховані', 'Індекс цін виробників промислової продукції'),
    (41, 7, 'Вимірювальні', 'Медико-демографічні показники'),
    (42, 7, 'Вимірювальні', 'Показники захворюваності та поширення хвороб (хворобливість)'),
    (43, 7, 'Вимірювальні', 'Інвалідності та інвалідизації'),
    (44, 7, 'Вимірювальні', 'Фізичного розвитку населення'),
    (45, 7, 'Розраховані', 'Ризики захворювання'),
    (46, 7, 'Розраховані', 'Прогноз захворювання'),
    (47, 7, 'Розраховані', 'Прогноз тривалості життя'),
    (48, 8, 'Вимірювальні', 'Обсяги використання води'),
    (49, 8, 'Вимірювальні', 'Обсяги використання електроенергії'),
    (50, 8, 'Вимірювальні', 'Обсяги використання газу'),
    (51, 8, 'Вимірювальні', 'Обсяги використання теплової енергії за кожен місяць'),
    (52, 8, 'Розраховані', 'Середні обсяги споживання за місяць та рік'),
    (53, 8, 'Розраховані', 'Енергоефективність будівлі або виробництва');

INSERT INTO component_measurement (component_id, factory_id, measurement_date, value, unit)
VALUES 
    -- Вміст пилу (component_id = 1)
    (1, 1, '2025-01-01', 12.5, 'мг/м³'),

    -- Двоокис азоту (NO2) (component_id = 2)
    (2, 1, '2025-01-01', 40.2, 'мг/м³'),

    -- Двоокис сірки (SO2) (component_id = 3)
    (3, 1, '2025-01-01', 20.1, 'мг/м³'),

    -- Оксид вуглецю (component_id = 4)
    (4, 1, '2025-01-01', 1.5, 'мг/м³'),

    -- Формальдегід (H2CO) (component_id = 5)
    (5, 1, '2025-01-01', 0.8, 'мг/м³'),

    -- Свинець (component_id = 6)
    (6, 1, '2025-01-01', 0.05, 'мг/м³'),

    -- Бенз(а)пірен (component_id = 7)
    (7, 1, '2025-01-01', 0.001, 'мг/м³'),

    -- Iндекс якості повітря (component_id = 8)
    (8, 1, '2025-01-01', 85.0, 'індекс'), 

    (1, 1, '2025-01-02', 13.0, 'мг/м³'),
    (2, 1, '2025-01-02', 41.0, 'мг/м³'),
    (3, 1, '2025-01-02', 21.0, 'мг/м³'),
    (4, 1, '2025-01-02', 1.6, 'мг/м³'),
    (5, 1, '2025-01-02', 0.85, 'мг/м³'),
    (6, 1, '2025-01-02', 0.06, 'мг/м³'),
    (7, 1, '2025-01-02', 0.0012, 'мг/м³'),
    (8, 1, '2025-01-02', 87.0, 'індекс'),

    (1, 1, '2025-01-03', 15.0, 'мг/м³'),
    (2, 1, '2025-01-03', 16.0, 'мг/м³'),
    (3, 1, '2025-01-03', 20.0, 'мг/м³'),
    (4, 1, '2025-01-03', 3.2, 'мг/м³'),
    (5, 1, '2025-01-03', 1.85, 'мг/м³'),
    (6, 1, '2025-01-03', 2.08, 'мг/м³'),
    (7, 1, '2025-01-03', 3.00, 'мг/м³'),
    (8, 1, '2025-01-03', 100.0, 'індекс'),

    (1, 1, '2025-01-04', 10.0, 'мг/м³'),
    (2, 1, '2025-01-04', 10.0, 'мг/м³'),
    (3, 1, '2025-01-04', 15.0, 'мг/м³'),
    (4, 1, '2025-01-04', 4.2, 'мг/м³'),
    (5, 1, '2025-01-04', 2.85, 'мг/м³'),
    (6, 1, '2025-01-04', 3.08, 'мг/м³'),
    (7, 1, '2025-01-04', 4.00, 'мг/м³'),
    (8, 1, '2025-01-04', 85.0, 'індекс'),

    (1, 1, '2025-01-05', 15.0, 'мг/м³'),
    (2, 1, '2025-01-05', 12.0, 'мг/м³'),
    (3, 1, '2025-01-05', 20.0, 'мг/м³'),
    (4, 1, '2025-01-05', 5.12, 'мг/м³'),
    (5, 1, '2025-01-05', 3.85, 'мг/м³'),
    (6, 1, '2025-01-05', 4.90, 'мг/м³'),
    (7, 1, '2025-01-05', 4.00, 'мг/м³'),
    (8, 1, '2025-01-05', 85.0, 'індекс'),

    (1, 1, '2025-01-06', 14.2, 'мг/м³'),
    (2, 1, '2025-01-06', 13.5, 'мг/м³'),
    (3, 1, '2025-01-06', 18.7, 'мг/м³'),
    (4, 1, '2025-01-06', 4.5, 'мг/м³'),
    (5, 1, '2025-01-06', 2.95, 'мг/м³'),
    (6, 1, '2025-01-06', 3.70, 'мг/м³'),
    (7, 1, '2025-01-06', 4.20, 'мг/м³'),
    (8, 1, '2025-01-06', 90.0, 'індекс'),

    (1, 1, '2025-01-07', 16.5, 'мг/м³'),
    (2, 1, '2025-01-07', 14.8, 'мг/м³'),
    (3, 1, '2025-01-07', 19.5, 'мг/м³'),
    (4, 1, '2025-01-07', 5.0, 'мг/м³'),
    (5, 1, '2025-01-07', 3.45, 'мг/м³'),
    (6, 1, '2025-01-07', 4.20, 'мг/м³'),
    (7, 1, '2025-01-07', 4.50, 'мг/м³'),
    (8, 1, '2025-01-07', 92.0, 'індекс');

    
INSERT INTO component_measurement (component_id, factory_id, measurement_date, value, unit)
VALUES 
    -- Вміст пилу (component_id = 1)
    (1, 2, '2025-01-01', 10.5, 'мг/м³'),

    -- Двоокис азоту (NO2) (component_id = 2)
    (2, 2, '2025-01-01', 35.0, 'мг/м³'),

    -- Двоокис сірки (SO2) (component_id = 3)
    (3, 2, '2025-01-01', 18.2, 'мг/м³'),

    -- Оксид вуглецю (component_id = 4)
    (4, 2, '2025-01-01', 1.2, 'мг/м³'),

    -- Формальдегід (H2CO) (component_id = 5)
    (5, 2, '2025-01-01', 0.9, 'мг/м³'),

    -- Свинець (component_id = 6)
    (6, 2, '2025-01-01', 0.06, 'мг/м³'),

    -- Бенз(а)пірен (component_id = 7)
    (7, 2, '2025-01-01', 0.002, 'мг/м³'),

    -- Iндекс якості повітря (component_id = 8)
    (8, 2, '2025-01-01', 88.0, 'індекс'), 

    (1, 2, '2025-01-02', 11.0, 'мг/м³'),
    (2, 2, '2025-01-02', 36.5, 'мг/м³'),
    (3, 2, '2025-01-02', 19.0, 'мг/м³'),
    (4, 2, '2025-01-02', 1.3, 'мг/м³'),
    (5, 2, '2025-01-02', 1.0, 'мг/м³'),
    (6, 2, '2025-01-02', 0.07, 'мг/м³'),
    (7, 2, '2025-01-02', 0.0021, 'мг/м³'),
    (8, 2, '2025-01-02', 89.0, 'індекс'),

    (1, 2, '2025-01-03', 12.0, 'мг/м³'),
    (2, 2, '2025-01-03', 38.0, 'мг/м³'),
    (3, 2, '2025-01-03', 18.5, 'мг/м³'),
    (4, 2, '2025-01-03', 1.4, 'мг/м³'),
    (5, 2, '2025-01-03', 1.1, 'мг/м³'),
    (6, 2, '2025-01-03', 0.08, 'мг/м³'),
    (7, 2, '2025-01-03', 0.0023, 'мг/м³'),
    (8, 2, '2025-01-03', 90.0, 'індекс'),

    (1, 2, '2025-01-04', 13.5, 'мг/м³'),
    (2, 2, '2025-01-04', 40.0, 'мг/м³'),
    (3, 2, '2025-01-04', 20.0, 'мг/м³'),
    (4, 2, '2025-01-04', 1.5, 'мг/м³'),
    (5, 2, '2025-01-04', 1.2, 'мг/м³'),
    (6, 2, '2025-01-04', 0.09, 'мг/м³'),
    (7, 2, '2025-01-04', 0.0025, 'мг/м³'),
    (8, 2, '2025-01-04', 92.0, 'індекс'),

    (1, 2, '2025-01-05', 14.0, 'мг/м³'),
    (2, 2, '2025-01-05', 41.2, 'мг/м³'),
    (3, 2, '2025-01-05', 21.5, 'мг/м³'),
    (4, 2, '2025-01-05', 1.6, 'мг/м³'),
    (5, 2, '2025-01-05', 1.3, 'мг/м³'),
    (6, 2, '2025-01-05', 0.10, 'мг/м³'),
    (7, 2, '2025-01-05', 0.0028, 'мг/м³'),
    (8, 2, '2025-01-05', 94.0, 'індекс'),

    (1, 2, '2025-01-06', 15.0, 'мг/м³'),
    (2, 2, '2025-01-06', 42.5, 'мг/м³'),
    (3, 2, '2025-01-06', 22.0, 'мг/м³'),
    (4, 2, '2025-01-06', 1.7, 'мг/м³'),
    (5, 2, '2025-01-06', 1.4, 'мг/м³'),
    (6, 2, '2025-01-06', 0.11, 'мг/м³'),
    (7, 2, '2025-01-06', 0.0030, 'мг/м³'),
    (8, 2, '2025-01-06', 96.0, 'індекс'); 

INSERT INTO component_measurement (component_id, factory_id, measurement_date, value, unit)
VALUES 
    -- Показники епідемічної безпеки (мікробіологічні) (component_id = 9)
    (9, 2, '2025-01-01', 14.0, 'КУО/дм³'),

    -- Показники епідемічної безпеки (паразитарні) (component_id = 10)
    (10, 2, '2025-01-01', 2.1, 'яйця гельмінтів/дм³'),

    -- Санітарно-хімічні (органолептичні) (component_id = 11)
    (11, 2, '2025-01-01', 1.5, 'бали'),

    -- Санітарно-хімічні (фізико-хімічні) (component_id = 12)
    (12, 2, '2025-01-01', 0.6, 'мг/дм³'),

    -- Санітарно-хімічні (санітарно-токсикологічні) (component_id = 13)
    (13, 2, '2025-01-01', 0.04, 'мг/дм³'),

    -- Радіаційні показники (component_id = 14)
    (14, 2, '2025-01-01', 0.10, 'мЗв/рік'),

    -- Індекс забрудненості води (component_id = 15)
    (15, 2, '2025-01-01', 25.0, 'індекс'), 

    (9, 2, '2025-01-02', 20.0, 'КУО/дм³'),
    (10, 2, '2025-01-02', 2.0, 'яйця гельмінтів/дм³'),
    (11, 2, '2025-01-02', 1.6, 'бали'),
    (12, 2, '2025-01-02', 0.65, 'мг/дм³'),
    (13, 2, '2025-01-02', 0.045, 'мг/дм³'),
    (14, 2, '2025-01-02', 0.11, 'мЗв/рік'),
    (15, 2, '2025-01-02', 30.0, 'індекс'),

    (9, 2, '2025-01-03', 30.0, 'КУО/дм³'),
    (10, 2, '2025-01-03', 1.9, 'яйця гельмінтів/дм³'),
    (11, 2, '2025-01-03', 1.4, 'бали'),
    (12, 2, '2025-01-03', 0.70, 'мг/дм³'),
    (13, 2, '2025-01-03', 0.05, 'мг/дм³'),
    (14, 2, '2025-01-03', 0.12, 'мЗв/рік'),
    (15, 2, '2025-01-03', 10.0, 'індекс'),

    (9, 2, '2025-01-04', 32.0, 'КУО/дм³'),
    (10, 2, '2025-01-04', 2.2, 'яйця гельмінтів/дм³'),
    (11, 2, '2025-01-04', 1.5, 'бали'),
    (12, 2, '2025-01-04', 0.75, 'мг/дм³'),
    (13, 2, '2025-01-04', 0.055, 'мг/дм³'),
    (14, 2, '2025-01-04', 0.13, 'мЗв/рік'),
    (15, 2, '2025-01-04', 25.0, 'індекс'),

    (9, 2, '2025-01-05', 34.0, 'КУО/дм³'),
    (10, 2, '2025-01-05', 2.1, 'яйця гельмінтів/дм³'),
    (11, 2, '2025-01-05', 1.7, 'бали'),
    (12, 2, '2025-01-05', 0.80, 'мг/дм³'),
    (13, 2, '2025-01-05', 0.06, 'мг/дм³'),
    (14, 2, '2025-01-05', 0.14, 'мЗв/рік'),
    (15, 2, '2025-01-05', 24.0, 'індекс'),

    (9, 2, '2025-01-06', 15.0, 'КУО/дм³'),
    (10, 2, '2025-01-06', 2.3, 'яйця гельмінтів/дм³'),
    (11, 2, '2025-01-06', 1.8, 'бали'),
    (12, 2, '2025-01-06', 0.85, 'мг/дм³'),
    (13, 2, '2025-01-06', 0.065, 'мг/дм³'),
    (14, 2, '2025-01-06', 0.15, 'мЗв/рік'),
    (15, 2, '2025-01-06', 26.0, 'індекс'),


    (9, 2, '2025-01-07', 14.0, 'КУО/дм³'),
    (10, 2, '2025-01-07', 2.5, 'яйця гельмінтів/дм³'),
    (11, 2, '2025-01-07', 1.9, 'бали'),
    (12, 2, '2025-01-07', 0.90, 'мг/дм³'),
    (13, 2, '2025-01-07', 0.07, 'мг/дм³'),
    (14, 2, '2025-01-07', 0.16, 'мЗв/рік'),
    (15, 2, '2025-01-07', 15.0, 'індекс');

INSERT INTO component_measurement (component_id, factory_id, measurement_date, value, unit)
VALUES 
    -- Гумус (component_id = 16)
    (16, 3, '2025-01-01', 3.8, '%'),

    -- Рухомі сполуки фосфору (P2O5) (component_id = 17)
    (17, 3, '2025-01-01', 43.5, 'мг/кг'),

    -- Рухомі сполуки калію (K2O) (component_id = 18)
    (18, 3, '2025-01-01', 29.0, 'мг/кг'),

    -- Засоленість (component_id = 19)
    (19, 3, '2025-01-01', 0.75, '‰'),

    -- Солонцюватість (component_id = 20)
    (20, 3, '2025-01-01', 0.38, '‰'),

    -- Забруднення хімічними речовинами (component_id = 21)
    (21, 3, '2025-01-01', 2.3, 'мг/кг'),

    -- pH (component_id = 22)
    (22, 3, '2025-01-01', 6.7, 'pH'),

    -- Бал бонітету для складового ґрунту (component_id = 23)
    (23, 3, '2025-01-01', 82.0, 'бал'), 

    (16, 3, '2025-01-02', 3.9, '%'),
    (17, 3, '2025-01-02', 44.0, 'мг/кг'),
    (18, 3, '2025-01-02', 30.2, 'мг/кг'),
    (19, 3, '2025-01-02', 0.76, '‰'),
    (20, 3, '2025-01-02', 0.39, '‰'),
    (21, 3, '2025-01-02', 2.4, 'мг/кг'),
    (22, 3, '2025-01-02', 6.8, 'pH'),
    (23, 3, '2025-01-02', 83.0, 'бал'),

    (16, 3, '2025-01-03', 4.0, '%'),
    (17, 3, '2025-01-03', 44.8, 'мг/кг'),
    (18, 3, '2025-01-03', 31.0, 'мг/кг'),
    (19, 3, '2025-01-03', 0.78, '‰'),
    (20, 3, '2025-01-03', 0.40, '‰'),
    (21, 3, '2025-01-03', 2.5, 'мг/кг'),
    (22, 3, '2025-01-03', 6.9, 'pH'),
    (23, 3, '2025-01-03', 84.0, 'бал'),

    (16, 3, '2025-01-04', 4.1, '%'),
    (17, 3, '2025-01-04', 45.5, 'мг/кг'),
    (18, 3, '2025-01-04', 31.8, 'мг/кг'),
    (19, 3, '2025-01-04', 0.80, '‰'),
    (20, 3, '2025-01-04', 0.42, '‰'),
    (21, 3, '2025-01-04', 2.6, 'мг/кг'),
    (22, 3, '2025-01-04', 7.0, 'pH'),
    (23, 3, '2025-01-04', 85.0, 'бал'),

    (16, 3, '2025-01-05', 4.2, '%'),
    (17, 3, '2025-01-05', 46.0, 'мг/кг'),
    (18, 3, '2025-01-05', 32.5, 'мг/кг'),
    (19, 3, '2025-01-05', 0.82, '‰'),
    (20, 3, '2025-01-05', 0.43, '‰'),
    (21, 3, '2025-01-05', 2.7, 'мг/кг'),
    (22, 3, '2025-01-05', 7.1, 'pH'),
    (23, 3, '2025-01-05', 86.0, 'бал'),

    (16, 3, '2025-01-06', 4.3, '%'),
    (17, 3, '2025-01-06', 46.5, 'мг/кг'),
    (18, 3, '2025-01-06', 33.0, 'мг/кг'),
    (19, 3, '2025-01-06', 0.85, '‰'),
    (20, 3, '2025-01-06', 0.44, '‰'),
    (21, 3, '2025-01-06', 2.8, 'мг/кг'),
    (22, 3, '2025-01-06', 7.2, 'pH'),
    (23, 3, '2025-01-06', 87.0, 'бал'),

    (16, 3, '2025-01-07', 4.4, '%'),
    (17, 3, '2025-01-07', 47.0, 'мг/кг'),
    (18, 3, '2025-01-07', 34.0, 'мг/кг'),
    (19, 3, '2025-01-07', 0.88, '‰'),
    (20, 3, '2025-01-07', 0.45, '‰'),
    (21, 3, '2025-01-07', 2.9, 'мг/кг'),
    (22, 3, '2025-01-07', 7.3, 'pH'),
    (23, 3, '2025-01-07', 88.0, 'бал');

INSERT INTO component_measurement (component_id, factory_id, measurement_date, value, unit)
VALUES 
    -- Показники епідемічної безпеки (мікробіологічні) (component_id = 9)
    (9, 4, '2025-01-01', 18.0, 'КУО/дм³'),

    -- Показники епідемічної безпеки (паразитарні) (component_id = 10)
    (10, 4, '2025-01-01', 2.4, 'яйця гельмінтів/дм³'),

    -- Санітарно-хімічні (органолептичні) (component_id = 11)
    (11, 4, '2025-01-01', 1.9, 'бали'),

    -- Санітарно-хімічні (фізико-хімічні) (component_id = 12)
    (12, 4, '2025-01-01', 0.68, 'мг/дм³'),

    -- Санітарно-хімічні (санітарно-токсикологічні) (component_id = 13)
    (13, 4, '2025-01-01', 0.05, 'мг/дм³'),

    -- Радіаційні показники (component_id = 14)
    (14, 4, '2025-01-01', 0.13, 'мЗв/рік'),

    -- Індекс забрудненості води (component_id = 15)
    (15, 4, '2025-01-01', 84.5, 'індекс'), 

    (9, 4, '2025-01-02', 20.0, 'КУО/дм³'),
    (10, 4, '2025-01-02', 2.5, 'яйця гельмінтів/дм³'),
    (11, 4, '2025-01-02', 2.0, 'бали'),
    (12, 4, '2025-01-02', 0.70, 'мг/дм³'),
    (13, 4, '2025-01-02', 0.052, 'мг/дм³'),
    (14, 4, '2025-01-02', 0.14, 'мЗв/рік'),
    (15, 4, '2025-01-02', 85.0, 'індекс'),

    (9, 4, '2025-01-03', 15.0, 'КУО/дм³'),
    (10, 4, '2025-01-03', 2.6, 'яйця гельмінтів/дм³'),
    (11, 4, '2025-01-03', 2.1, 'бали'),
    (12, 4, '2025-01-03', 0.72, 'мг/дм³'),
    (13, 4, '2025-01-03', 0.054, 'мг/дм³'),
    (14, 4, '2025-01-03', 0.15, 'мЗв/рік'),
    (15, 4, '2025-01-03', 86.0, 'індекс'),

    (9, 4, '2025-01-04', 20.0, 'КУО/дм³'),
    (10, 4, '2025-01-04', 2.7, 'яйця гельмінтів/дм³'),
    (11, 4, '2025-01-04', 2.2, 'бали'),
    (12, 4, '2025-01-04', 0.74, 'мг/дм³'),
    (13, 4, '2025-01-04', 0.056, 'мг/дм³'),
    (14, 4, '2025-01-04', 0.16, 'мЗв/рік'),
    (15, 4, '2025-01-04', 87.5, 'індекс'),

    (9, 4, '2025-01-05', 21.0, 'КУО/дм³'),
    (10, 4, '2025-01-05', 2.8, 'яйця гельмінтів/дм³'),
    (11, 4, '2025-01-05', 2.3, 'бали'),
    (12, 4, '2025-01-05', 0.76, 'мг/дм³'),
    (13, 4, '2025-01-05', 0.058, 'мг/дм³'),
    (14, 4, '2025-01-05', 0.17, 'мЗв/рік'),
    (15, 4, '2025-01-05', 88.0, 'індекс'),

    (9, 4, '2025-01-06', 30.0, 'КУО/дм³'),
    (10, 4, '2025-01-06', 2.9, 'яйця гельмінтів/дм³'),
    (11, 4, '2025-01-06', 2.4, 'бали'),
    (12, 4, '2025-01-06', 0.78, 'мг/дм³'),
    (13, 4, '2025-01-06', 0.060, 'мг/дм³'),
    (14, 4, '2025-01-06', 0.18, 'мЗв/рік'),
    (15, 4, '2025-01-06', 89.0, 'індекс'),

    (9, 4, '2025-01-07', 15.0, 'КУО/дм³'),
    (10, 4, '2025-01-07', 3.0, 'яйця гельмінтів/дм³'),
    (11, 4, '2025-01-07', 2.5, 'бали'),
    (12, 4, '2025-01-07', 0.80, 'мг/дм³'),
    (13, 4, '2025-01-07', 0.062, 'мг/дм³'),
    (14, 4, '2025-01-07', 0.19, 'мЗв/рік'),
    (15, 4, '2025-01-07', 90.0, 'індекс');

INSERT INTO component_measurement (component_id, factory_id, measurement_date, value, unit)
VALUES 
    -- Рівень радіації (component_id = 24)
    (24, 4, '2025-01-01', 0.16, 'мЗв/рік'),

    -- Placeholder (component_id = 25)
    (25, 4, '2025-01-01', 99.0, 'умовна одиниця'), 

    (24, 4, '2025-01-02', 0.17, 'мЗв/рік'),
    (25, 4, '2025-01-02', 98.5, 'умовна одиниця'),

    (24, 4, '2025-01-03', 0.18, 'мЗв/рік'),
    (25, 4, '2025-01-03', 98.0, 'умовна одиниця'),

    (24, 4, '2025-01-04', 0.19, 'мЗв/рік'),
    (25, 4, '2025-01-04', 97.5, 'умовна одиниця'),

    (24, 4, '2025-01-05', 0.20, 'мЗв/рік'),
    (25, 4, '2025-01-05', 97.0, 'умовна одиниця'),

    (24, 4, '2025-01-06', 0.21, 'мЗв/рік'),
    (25, 4, '2025-01-06', 96.5, 'умовна одиниця'),

    (24, 4, '2025-01-07', 0.22, 'мЗв/рік'),
    (25, 4, '2025-01-07', 96.0, 'умовна одиниця');

INSERT INTO component_measurement (component_id, factory_id, measurement_date, value, unit)
VALUES 
    -- Валовий внутрішній продукт (component_id = 30)
    (30, 5, '2025-01-01', 265000.0, 'млн грн'),

    -- Вантажообіг (component_id = 31)
    (31, 5, '2025-01-01', 5300.0, 'тис. тонн'),

    -- Пасажирообіг (component_id = 32)
    (32, 5, '2025-01-01', 12900.0, 'тис. пасажирів'),

    -- Експорт товарів та послуг (component_id = 33)
    (33, 5, '2025-01-01', 78000.0, 'млн грн'),

    -- Імпорт товарів та послуг (component_id = 34)
    (34, 5, '2025-01-01', 68000.0, 'млн грн'),

    -- Заробітна плата (component_id = 35)
    (35, 5, '2025-01-01', 16000.0, 'грн'),

    -- Індекс промислової продукції (component_id = 36)
    (36, 5, '2025-01-01', 109.0, 'індекс'),

    -- Індекс обсягу сільськогосподарського виробництва (component_id = 37)
    (37, 5, '2025-01-01', 104.5, 'індекс'),

    -- Індекс будівельної продукції (component_id = 38)
    (38, 5, '2025-01-01', 99.5, 'індекс'),

    -- Індекс споживчих цін (component_id = 39)
    (39, 5, '2025-01-01', 102.8, 'індекс'),

    -- Індекс цін виробників промислової продукції (component_id = 40)
    (40, 5, '2025-01-01', 105.0, 'індекс'), 

    (30, 5, '2025-01-02', 266500.0, 'млн грн'),
    (31, 5, '2025-01-02', 5320.0, 'тис. тонн'),
    (32, 5, '2025-01-02', 13050.0, 'тис. пасажирів'),
    (33, 5, '2025-01-02', 78500.0, 'млн грн'),
    (34, 5, '2025-01-02', 68500.0, 'млн грн'),
    (35, 5, '2025-01-02', 16100.0, 'грн'),
    (36, 5, '2025-01-02', 109.5, 'індекс'),
    (37, 5, '2025-01-02', 105.0, 'індекс'),
    (38, 5, '2025-01-02', 99.8, 'індекс'),
    (39, 5, '2025-01-02', 103.0, 'індекс'),
    (40, 5, '2025-01-02', 105.3, 'індекс'),

    (30, 5, '2025-01-03', 268000.0, 'млн грн'),
    (31, 5, '2025-01-03', 5340.0, 'тис. тонн'),
    (32, 5, '2025-01-03', 13200.0, 'тис. пасажирів'),
    (33, 5, '2025-01-03', 79000.0, 'млн грн'),
    (34, 5, '2025-01-03', 69000.0, 'млн грн'),
    (35, 5, '2025-01-03', 16200.0, 'грн'),
    (36, 5, '2025-01-03', 110.0, 'індекс'),
    (37, 5, '2025-01-03', 105.5, 'індекс'),
    (38, 5, '2025-01-03', 100.0, 'індекс'),
    (39, 5, '2025-01-03', 103.2, 'індекс'),
    (40, 5, '2025-01-03', 105.5, 'індекс'),

    (30, 5, '2025-01-04', 270000.0, 'млн грн'),
    (31, 5, '2025-01-04', 5370.0, 'тис. тонн'),
    (32, 5, '2025-01-04', 13350.0, 'тис. пасажирів'),
    (33, 5, '2025-01-04', 79500.0, 'млн грн'),
    (34, 5, '2025-01-04', 69500.0, 'млн грн'),
    (35, 5, '2025-01-04', 16300.0, 'грн'),
    (36, 5, '2025-01-04', 110.5, 'індекс'),
    (37, 5, '2025-01-04', 106.0, 'індекс'),
    (38, 5, '2025-01-04', 100.2, 'індекс'),
    (39, 5, '2025-01-04', 103.5, 'індекс'),
    (40, 5, '2025-01-04', 106.0, 'індекс'),

    (30, 5, '2025-01-05', 272500.0, 'млн грн'),
    (31, 5, '2025-01-05', 5400.0, 'тис. тонн'),
    (32, 5, '2025-01-05', 13500.0, 'тис. пасажирів'),
    (33, 5, '2025-01-05', 80000.0, 'млн грн'),
    (34, 5, '2025-01-05', 70000.0, 'млн грн'),
    (35, 5, '2025-01-05', 16400.0, 'грн'),
    (36, 5, '2025-01-05', 111.0, 'індекс'),
    (37, 5, '2025-01-05', 106.5, 'індекс'),
    (38, 5, '2025-01-05', 100.5, 'індекс'),
    (39, 5, '2025-01-05', 103.8, 'індекс'),
    (40, 5, '2025-01-05', 106.3, 'індекс'),

    (30, 5, '2025-01-06', 275000.0, 'млн грн'),
    (31, 5, '2025-01-06', 5430.0, 'тис. тонн'),
    (32, 5, '2025-01-06', 13650.0, 'тис. пасажирів'),
    (33, 5, '2025-01-06', 80500.0, 'млн грн'),
    (34, 5, '2025-01-06', 70500.0, 'млн грн'),
    (35, 5, '2025-01-06', 16500.0, 'грн'),
    (36, 5, '2025-01-06', 111.5, 'індекс'),
    (37, 5, '2025-01-06', 107.0, 'індекс'),
    (38, 5, '2025-01-06', 100.8, 'індекс'),
    (39, 5, '2025-01-06', 104.0, 'індекс'),
    (40, 5, '2025-01-06', 106.5, 'індекс'),

    (30, 5, '2025-01-07', 278000.0, 'млн грн'),
    (31, 5, '2025-01-07', 5470.0, 'тис. тонн'),
    (32, 5, '2025-01-07', 13800.0, 'тис. пасажирів'),
    (33, 5, '2025-01-07', 81000.0, 'млн грн'),
    (34, 5, '2025-01-07', 71000.0, 'млн грн'),
    (35, 5, '2025-01-07', 16600.0, 'грн'),
    (36, 5, '2025-01-07', 112.0, 'індекс'),
    (37, 5, '2025-01-07', 107.5, 'індекс'),
    (38, 5, '2025-01-07', 101.0, 'індекс'),
    (39, 5, '2025-01-07', 104.2, 'індекс'),
    (40, 5, '2025-01-07', 106.8, 'індекс');

INSERT INTO component_measurement (component_id, factory_id, measurement_date, value, unit)
VALUES 
    -- Медико-демографічні показники (component_id = 41)
    (41, 5, '2025-01-01', 255.0, 'осіб/1000 населення'),

    -- Показники захворюваності та поширення хвороб (хворобливість) (component_id = 42)
    (42, 5, '2025-01-01', 1550.0, 'випадків/1000 населення'),

    -- Інвалідності та інвалідизації (component_id = 43)
    (43, 5, '2025-01-01', 120.0, 'осіб/1000 населення'),

    -- Фізичного розвитку населення (component_id = 44)
    (44, 5, '2025-01-01', 84.8, 'індекс'),

    -- Ризики захворювання (component_id = 45)
    (45, 5, '2025-01-01', 0.16, 'коефіцієнт'),

    -- Прогноз захворювання (component_id = 46)
    (46, 5, '2025-01-01', 1175.0, 'випадків на рік'),

    -- Прогноз тривалості життя (component_id = 47)
    (47, 5, '2025-01-01', 77.0, 'років'), 

    (41, 5, '2025-01-02', 256.0, 'осіб/1000 населення'),
    (42, 5, '2025-01-02', 1560.0, 'випадків/1000 населення'),
    (43, 5, '2025-01-02', 121.0, 'осіб/1000 населення'),
    (44, 5, '2025-01-02', 85.0, 'індекс'),
    (45, 5, '2025-01-02', 0.165, 'коефіцієнт'),
    (46, 5, '2025-01-02', 1180.0, 'випадків на рік'),
    (47, 5, '2025-01-02', 77.1, 'років'),

    (41, 5, '2025-01-03', 257.5, 'осіб/1000 населення'),
    (42, 5, '2025-01-03', 1575.0, 'випадків/1000 населення'),
    (43, 5, '2025-01-03', 122.5, 'осіб/1000 населення'),
    (44, 5, '2025-01-03', 85.3, 'індекс'),
    (45, 5, '2025-01-03', 0.168, 'коефіцієнт'),
    (46, 5, '2025-01-03', 1188.0, 'випадків на рік'),
    (47, 5, '2025-01-03', 77.2, 'років'),

    (41, 5, '2025-01-04', 258.0, 'осіб/1000 населення'),
    (42, 5, '2025-01-04', 1580.0, 'випадків/1000 населення'),
    (43, 5, '2025-01-04', 123.0, 'осіб/1000 населення'),
    (44, 5, '2025-01-04', 85.5, 'індекс'),
    (45, 5, '2025-01-04', 0.170, 'коефіцієнт'),
    (46, 5, '2025-01-04', 1195.0, 'випадків на рік'),
    (47, 5, '2025-01-04', 77.3, 'років'),

    (41, 5, '2025-01-05', 259.2, 'осіб/1000 населення'),
    (42, 5, '2025-01-05', 1592.0, 'випадків/1000 населення'),
    (43, 5, '2025-01-05', 124.5, 'осіб/1000 населення'),
    (44, 5, '2025-01-05', 85.7, 'індекс'),
    (45, 5, '2025-01-05', 0.172, 'коефіцієнт'),
    (46, 5, '2025-01-05', 1200.0, 'випадків на рік'),
    (47, 5, '2025-01-05', 77.4, 'років'),

    (41, 5, '2025-01-06', 260.5, 'осіб/1000 населення'),
    (42, 5, '2025-01-06', 1605.0, 'випадків/1000 населення'),
    (43, 5, '2025-01-06', 126.0, 'осіб/1000 населення'),
    (44, 5, '2025-01-06', 85.9, 'індекс'),
    (45, 5, '2025-01-06', 0.174, 'коефіцієнт'),
    (46, 5, '2025-01-06', 1208.0, 'випадків на рік'),
    (47, 5, '2025-01-06', 77.5, 'років'),

    (41, 5, '2025-01-07', 262.0, 'осіб/1000 населення'),
    (42, 5, '2025-01-07', 1620.0, 'випадків/1000 населення'),
    (43, 5, '2025-01-07', 127.5, 'осіб/1000 населення'),
    (44, 5, '2025-01-07', 86.2, 'індекс'),
    (45, 5, '2025-01-07', 0.176, 'коефіцієнт'),
    (46, 5, '2025-01-07', 1215.0, 'випадків на рік'),
    (47, 5, '2025-01-07', 77.6, 'років');


INSERT INTO component_measurement (component_id, factory_id, measurement_date, value, unit)
VALUES 
    -- Медико-демографічні показники (component_id = 41)
    (41, 6, '2025-01-01', 260.0, 'осіб/1000 населення'),

    -- Показники захворюваності та поширення хвороб (хворобливість) (component_id = 42)
    (42, 6, '2025-01-01', 1580.0, 'випадків/1000 населення'),

    -- Інвалідності та інвалідизації (component_id = 43)
    (43, 6, '2025-01-01', 125.0, 'осіб/1000 населення'),

    -- Фізичного розвитку населення (component_id = 44)
    (44, 6, '2025-01-01', 85.5, 'індекс'),

    -- Ризики захворювання (component_id = 45)
    (45, 6, '2025-01-01', 0.19, 'коефіцієнт'),

    -- Прогноз захворювання (component_id = 46)
    (46, 6, '2025-01-01', 1260.0, 'випадків на рік'),

    -- Прогноз тривалості життя (component_id = 47)
    (47, 6, '2025-01-01', 77.5, 'років'), 

    (41, 6, '2025-01-02', 261.0, 'осіб/1000 населення'),
    (42, 6, '2025-01-02', 1590.0, 'випадків/1000 населення'),
    (43, 6, '2025-01-02', 126.0, 'осіб/1000 населення'),
    (44, 6, '2025-01-02', 85.7, 'індекс'),
    (45, 6, '2025-01-02', 0.192, 'коефіцієнт'),
    (46, 6, '2025-01-02', 1270.0, 'випадків на рік'),
    (47, 6, '2025-01-02', 77.6, 'років'),

    (41, 6, '2025-01-03', 262.5, 'осіб/1000 населення'),
    (42, 6, '2025-01-03', 1605.0, 'випадків/1000 населення'),
    (43, 6, '2025-01-03', 127.5, 'осіб/1000 населення'),
    (44, 6, '2025-01-03', 86.0, 'індекс'),
    (45, 6, '2025-01-03', 0.194, 'коефіцієнт'),
    (46, 6, '2025-01-03', 1280.0, 'випадків на рік'),
    (47, 6, '2025-01-03', 77.7, 'років'),

    (41, 6, '2025-01-04', 264.0, 'осіб/1000 населення'),
    (42, 6, '2025-01-04', 1620.0, 'випадків/1000 населення'),
    (43, 6, '2025-01-04', 129.0, 'осіб/1000 населення'),
    (44, 6, '2025-01-04', 86.3, 'індекс'),
    (45, 6, '2025-01-04', 0.196, 'коефіцієнт'),
    (46, 6, '2025-01-04', 1292.0, 'випадків на рік'),
    (47, 6, '2025-01-04', 77.8, 'років'),

    (41, 6, '2025-01-05', 265.2, 'осіб/1000 населення'),
    (42, 6, '2025-01-05', 1635.0, 'випадків/1000 населення'),
    (43, 6, '2025-01-05', 130.5, 'осіб/1000 населення'),
    (44, 6, '2025-01-05', 86.5, 'індекс'),
    (45, 6, '2025-01-05', 0.198, 'коефіцієнт'),
    (46, 6, '2025-01-05', 1305.0, 'випадків на рік'),
    (47, 6, '2025-01-05', 78.0, 'років'),

    (41, 6, '2025-01-06', 266.5, 'осіб/1000 населення'),
    (42, 6, '2025-01-06', 1650.0, 'випадків/1000 населення'),
    (43, 6, '2025-01-06', 132.0, 'осіб/1000 населення'),
    (44, 6, '2025-01-06', 86.7, 'індекс'),
    (45, 6, '2025-01-06', 0.200, 'коефіцієнт'),
    (46, 6, '2025-01-06', 1318.0, 'випадків на рік'),
    (47, 6, '2025-01-06', 78.1, 'років'),

    (41, 6, '2025-01-07', 268.0, 'осіб/1000 населення'),
    (42, 6, '2025-01-07', 1665.0, 'випадків/1000 населення'),
    (43, 6, '2025-01-07', 133.5, 'осіб/1000 населення'),
    (44, 6, '2025-01-07', 87.0, 'індекс'),
    (45, 6, '2025-01-07', 0.202, 'коефіцієнт'),
    (46, 6, '2025-01-07', 1330.0, 'випадків на рік'),
    (47, 6, '2025-01-07', 78.2, 'років');

INSERT INTO component_measurement (component_id, factory_id, measurement_date, value, unit)
VALUES 
    -- Обсяги використання води (component_id = 48)
    (48, 6, '2025-01-01', 550.0, 'м³'),

    -- Обсяги використання електроенергії (component_id = 49)
    (49, 6, '2025-01-01', 13200.0, 'кВт·год'),

    -- Обсяги використання газу (component_id = 50)
    (50, 6, '2025-01-01', 1630.0, 'м³'),

    -- Обсяги використання теплової енергії за кожен місяць (component_id = 51)
    (51, 6, '2025-01-01', 225.0, 'Гкал'),

    -- Середні обсяги споживання за місяць та рік (component_id = 52)
    (52, 6, '2025-01-01', 810.0, 'кВт·год/міс'),

    -- Енергоефективність будівлі або виробництва (component_id = 53)
    (53, 6, '2025-01-01', 0.91, 'коефіцієнт'), 

    (48, 6, '2025-01-02', 560.0, 'м³'),
    (49, 6, '2025-01-02', 13300.0, 'кВт·год'),
    (50, 6, '2025-01-02', 1650.0, 'м³'),
    (51, 6, '2025-01-02', 230.0, 'Гкал'),
    (52, 6, '2025-01-02', 815.0, 'кВт·год/міс'),
    (53, 6, '2025-01-02', 0.92, 'коефіцієнт'),

    (48, 6, '2025-01-03', 570.0, 'м³'),
    (49, 6, '2025-01-03', 13400.0, 'кВт·год'),
    (50, 6, '2025-01-03', 1680.0, 'м³'),
    (51, 6, '2025-01-03', 235.0, 'Гкал'),
    (52, 6, '2025-01-03', 820.0, 'кВт·год/міс'),
    (53, 6, '2025-01-03', 0.93, 'коефіцієнт'),

    (48, 6, '2025-01-04', 580.0, 'м³'),
    (49, 6, '2025-01-04', 13550.0, 'кВт·год'),
    (50, 6, '2025-01-04', 1700.0, 'м³'),
    (51, 6, '2025-01-04', 240.0, 'Гкал'),
    (52, 6, '2025-01-04', 825.0, 'кВт·год/міс'),
    (53, 6, '2025-01-04', 0.94, 'коефіцієнт'),

    (48, 6, '2025-01-05', 590.0, 'м³'),
    (49, 6, '2025-01-05', 13680.0, 'кВт·год'),
    (50, 6, '2025-01-05', 1725.0, 'м³'),
    (51, 6, '2025-01-05', 245.0, 'Гкал'),
    (52, 6, '2025-01-05', 830.0, 'кВт·год/міс'),
    (53, 6, '2025-01-05', 0.95, 'коефіцієнт'),

    (48, 6, '2025-01-06', 600.0, 'м³'),
    (49, 6, '2025-01-06', 13800.0, 'кВт·год'),
    (50, 6, '2025-01-06', 1750.0, 'м³'),
    (51, 6, '2025-01-06', 250.0, 'Гкал'),
    (52, 6, '2025-01-06', 835.0, 'кВт·год/міс'),
    (53, 6, '2025-01-06', 0.96, 'коефіцієнт'),

    (48, 6, '2025-01-07', 610.0, 'м³'),
    (49, 6, '2025-01-07', 13950.0, 'кВт·год'),
    (50, 6, '2025-01-07', 1780.0, 'м³'),
    (51, 6, '2025-01-07', 255.0, 'Гкал'),
    (52, 6, '2025-01-07', 840.0, 'кВт·год/міс'),
    (53, 6, '2025-01-07', 0.97, 'коефіцієнт');

INSERT INTO component_measurement (component_id, factory_id, measurement_date, value, unit)
VALUES 
    -- Валовий внутрішній продукт (component_id = 30)
    (30, 7, '2025-01-01', 275000.0, 'млн грн'),

    -- Вантажообіг (component_id = 31)
    (31, 7, '2025-01-01', 5500.0, 'тис. тонн'),

    -- Пасажирообіг (component_id = 32)
    (32, 7, '2025-01-01', 13500.0, 'тис. пасажирів'),

    -- Експорт товарів та послуг (component_id = 33)
    (33, 7, '2025-01-01', 80000.0, 'млн грн'),

    -- Імпорт товарів та послуг (component_id = 34)
    (34, 7, '2025-01-01', 70000.0, 'млн грн'),

    -- Заробітна плата (component_id = 35)
    (35, 7, '2025-01-01', 16500.0, 'грн'),

    -- Індекс промислової продукції (component_id = 36)
    (36, 7, '2025-01-01', 112.0, 'індекс'),

    -- Індекс обсягу сільськогосподарського виробництва (component_id = 37)
    (37, 7, '2025-01-01', 106.5, 'індекс'),

    -- Індекс будівельної продукції (component_id = 38)
    (38, 7, '2025-01-01', 101.5, 'індекс'),

    -- Індекс споживчих цін (component_id = 39)
    (39, 7, '2025-01-01', 104.0, 'індекс'),

    -- Індекс цін виробників промислової продукції (component_id = 40)
    (40, 7, '2025-01-01', 108.0, 'індекс'), 

    (30, 7, '2025-01-02', 276500.0, 'млн грн'),
    (31, 7, '2025-01-02', 5530.0, 'тис. тонн'),
    (32, 7, '2025-01-02', 13650.0, 'тис. пасажирів'),
    (33, 7, '2025-01-02', 80500.0, 'млн грн'),
    (34, 7, '2025-01-02', 70500.0, 'млн грн'),
    (35, 7, '2025-01-02', 16600.0, 'грн'),
    (36, 7, '2025-01-02', 112.5, 'індекс'),
    (37, 7, '2025-01-02', 107.0, 'індекс'),
    (38, 7, '2025-01-02', 101.8, 'індекс'),
    (39, 7, '2025-01-02', 104.2, 'індекс'),
    (40, 7, '2025-01-02', 108.2, 'індекс'),

    (30, 7, '2025-01-03', 278000.0, 'млн грн'),
    (31, 7, '2025-01-03', 5560.0, 'тис. тонн'),
    (32, 7, '2025-01-03', 13800.0, 'тис. пасажирів'),
    (33, 7, '2025-01-03', 81000.0, 'млн грн'),
    (34, 7, '2025-01-03', 71000.0, 'млн грн'),
    (35, 7, '2025-01-03', 16700.0, 'грн'),
    (36, 7, '2025-01-03', 113.0, 'індекс'),
    (37, 7, '2025-01-03', 107.5, 'індекс'),
    (38, 7, '2025-01-03', 102.0, 'індекс'),
    (39, 7, '2025-01-03', 104.5, 'індекс'),
    (40, 7, '2025-01-03', 108.5, 'індекс'),

    (30, 7, '2025-01-04', 280000.0, 'млн грн'),
    (31, 7, '2025-01-04', 5590.0, 'тис. тонн'),
    (32, 7, '2025-01-04', 13950.0, 'тис. пасажирів'),
    (33, 7, '2025-01-04', 81500.0, 'млн грн'),
    (34, 7, '2025-01-04', 71500.0, 'млн грн'),
    (35, 7, '2025-01-04', 16800.0, 'грн'),
    (36, 7, '2025-01-04', 113.5, 'індекс'),
    (37, 7, '2025-01-04', 108.0, 'індекс'),
    (38, 7, '2025-01-04', 102.2, 'індекс'),
    (39, 7, '2025-01-04', 104.8, 'індекс'),
    (40, 7, '2025-01-04', 108.8, 'індекс'),

    (30, 7, '2025-01-05', 282500.0, 'млн грн'),
    (31, 7, '2025-01-05', 5630.0, 'тис. тонн'),
    (32, 7, '2025-01-05', 14100.0, 'тис. пасажирів'),
    (33, 7, '2025-01-05', 82000.0, 'млн грн'),
    (34, 7, '2025-01-05', 72000.0, 'млн грн'),
    (35, 7, '2025-01-05', 16900.0, 'грн'),
    (36, 7, '2025-01-05', 114.0, 'індекс'),
    (37, 7, '2025-01-05', 108.5, 'індекс'),
    (38, 7, '2025-01-05', 102.5, 'індекс'),
    (39, 7, '2025-01-05', 105.0, 'індекс'),
    (40, 7, '2025-01-05', 109.0, 'індекс'),

    (30, 7, '2025-01-06', 285000.0, 'млн грн'),
    (31, 7, '2025-01-06', 5670.0, 'тис. тонн'),
    (32, 7, '2025-01-06', 14250.0, 'тис. пасажирів'),
    (33, 7, '2025-01-06', 82500.0, 'млн грн'),
    (34, 7, '2025-01-06', 72500.0, 'млн грн'),
    (35, 7, '2025-01-06', 17000.0, 'грн'),
    (36, 7, '2025-01-06', 114.5, 'індекс'),
    (37, 7, '2025-01-06', 109.0, 'індекс'),
    (38, 7, '2025-01-06', 102.8, 'індекс'),
    (39, 7, '2025-01-06', 105.2, 'індекс'),
    (40, 7, '2025-01-06', 109.2, 'індекс'),

    (30, 7, '2025-01-07', 288000.0, 'млн грн'),
    (31, 7, '2025-01-07', 5720.0, 'тис. тонн'),
    (32, 7, '2025-01-07', 14400.0, 'тис. пасажирів'),
    (33, 7, '2025-01-07', 83000.0, 'млн грн'),
    (34, 7, '2025-01-07', 73000.0, 'млн грн'),
    (35, 7, '2025-01-07', 17100.0, 'грн'),
    (36, 7, '2025-01-07', 115.0, 'індекс'),
    (37, 7, '2025-01-07', 109.5, 'індекс'),
    (38, 7, '2025-01-07', 103.0, 'індекс'),
    (39, 7, '2025-01-07', 105.5, 'індекс'),
    (40, 7, '2025-01-07', 109.5, 'індекс');

INSERT INTO component_measurement (component_id, factory_id, measurement_date, value, unit)
VALUES 
    -- Обсяги використання води (component_id = 48)
    (48, 7, '2025-01-01', 560.0, 'м³'),

    -- Обсяги використання електроенергії (component_id = 49)
    (49, 7, '2025-01-01', 13400.0, 'кВт·год'),

    -- Обсяги використання газу (component_id = 50)
    (50, 7, '2025-01-01', 1650.0, 'м³'),

    -- Обсяги використання теплової енергії за кожен місяць (component_id = 51)
    (51, 7, '2025-01-01', 230.0, 'Гкал'),

    -- Середні обсяги споживання за місяць та рік (component_id = 52)
    (52, 7, '2025-01-01', 820.0, 'кВт·год/міс'),

    -- Енергоефективність будівлі або виробництва (component_id = 53)
    (53, 7, '2025-01-01', 0.92, 'коефіцієнт'), 

    (48, 7, '2025-01-02', 570.0, 'м³'),
    (49, 7, '2025-01-02', 13500.0, 'кВт·год'),
    (50, 7, '2025-01-02', 1675.0, 'м³'),
    (51, 7, '2025-01-02', 235.0, 'Гкал'),
    (52, 7, '2025-01-02', 825.0, 'кВт·год/міс'),
    (53, 7, '2025-01-02', 0.93, 'коефіцієнт'),

    (48, 7, '2025-01-03', 580.0, 'м³'),
    (49, 7, '2025-01-03', 13620.0, 'кВт·год'),
    (50, 7, '2025-01-03', 1700.0, 'м³'),
    (51, 7, '2025-01-03', 240.0, 'Гкал'),
    (52, 7, '2025-01-03', 830.0, 'кВт·год/міс'),
    (53, 7, '2025-01-03', 0.94, 'коефіцієнт'),

    (48, 7, '2025-01-04', 590.0, 'м³'),
    (49, 7, '2025-01-04', 13750.0, 'кВт·год'),
    (50, 7, '2025-01-04', 1725.0, 'м³'),
    (51, 7, '2025-01-04', 245.0, 'Гкал'),
    (52, 7, '2025-01-04', 835.0, 'кВт·год/міс'),
    (53, 7, '2025-01-04', 0.95, 'коефіцієнт'),

    (48, 7, '2025-01-05', 600.0, 'м³'),
    (49, 7, '2025-01-05', 13880.0, 'кВт·год'),
    (50, 7, '2025-01-05', 1750.0, 'м³'),
    (51, 7, '2025-01-05', 250.0, 'Гкал'),
    (52, 7, '2025-01-05', 840.0, 'кВт·год/міс'),
    (53, 7, '2025-01-05', 0.96, 'коефіцієнт'),

    (48, 7, '2025-01-06', 610.0, 'м³'),
    (49, 7, '2025-01-06', 14020.0, 'кВт·год'),
    (50, 7, '2025-01-06', 1775.0, 'м³'),
    (51, 7, '2025-01-06', 255.0, 'Гкал'),
    (52, 7, '2025-01-06', 845.0, 'кВт·год/міс'),
    (53, 7, '2025-01-06', 0.97, 'коефіцієнт'),

    (48, 7, '2025-01-07', 620.0, 'м³'),
    (49, 7, '2025-01-07', 14150.0, 'кВт·год'),
    (50, 7, '2025-01-07', 1800.0, 'м³'),
    (51, 7, '2025-01-07', 260.0, 'Гкал'),
    (52, 7, '2025-01-07', 850.0, 'кВт·год/міс'),
    (53, 7, '2025-01-07', 0.98, 'коефіцієнт');

    INSERT INTO component_measurement (component_id, factory_id, measurement_date, value, unit)
VALUES 
    -- Вміст пилу (component_id = 1)
    (1, 8, '2025-01-01', 12.8, 'мг/м³'),

    -- Двоокис азоту (NO2) (component_id = 2)
    (2, 8, '2025-01-01', 38.5, 'мг/м³'),

    -- Двоокис сірки (SO2) (component_id = 3)
    (3, 8, '2025-01-01', 21.2, 'мг/м³'),

    -- Оксид вуглецю (component_id = 4)
    (4, 8, '2025-01-01', 1.5, 'мг/м³'),

    -- Формальдегід (H2CO) (component_id = 5)
    (5, 8, '2025-01-01', 0.95, 'мг/м³'),

    -- Свинець (component_id = 6)
    (6, 8, '2025-01-01', 0.06, 'мг/м³'),

    -- Бенз(а)пірен (component_id = 7)
    (7, 8, '2025-01-01', 0.002, 'мг/м³'),

    -- Iндекс якості повітря (component_id = 8)
    (8, 8, '2025-01-01', 88.0, 'індекс'); 

    INSERT INTO component_measurement (component_id, factory_id, measurement_date, value, unit)
VALUES 
    -- 2025-01-02
    (1, 8, '2025-01-02', 13.2, 'мг/м³'),
    (2, 8, '2025-01-02', 39.0, 'мг/м³'),
    (3, 8, '2025-01-02', 21.5, 'мг/м³'),
    (4, 8, '2025-01-02', 1.6, 'мг/м³'),
    (5, 8, '2025-01-02', 1.00, 'мг/м³'),
    (6, 8, '2025-01-02', 0.065, 'мг/м³'),
    (7, 8, '2025-01-02', 0.0022, 'мг/м³'),
    (8, 8, '2025-01-02', 89.0, 'індекс'),

    -- 2025-01-03
    (1, 8, '2025-01-03', 13.8, 'мг/м³'),
    (2, 8, '2025-01-03', 39.5, 'мг/м³'),
    (3, 8, '2025-01-03', 22.0, 'мг/м³'),
    (4, 8, '2025-01-03', 1.7, 'мг/м³'),
    (5, 8, '2025-01-03', 1.05, 'мг/м³'),
    (6, 8, '2025-01-03', 0.07, 'мг/м³'),
    (7, 8, '2025-01-03', 0.0024, 'мг/м³'),
    (8, 8, '2025-01-03', 90.0, 'індекс'),

    -- 2025-01-04
    (1, 8, '2025-01-04', 14.0, 'мг/м³'),
    (2, 8, '2025-01-04', 40.0, 'мг/м³'),
    (3, 8, '2025-01-04', 22.5, 'мг/м³'),
    (4, 8, '2025-01-04', 1.8, 'мг/м³'),
    (5, 8, '2025-01-04', 1.10, 'мг/м³'),
    (6, 8, '2025-01-04', 0.075, 'мг/м³'),
    (7, 8, '2025-01-04', 0.0026, 'мг/м³'),
    (8, 8, '2025-01-04', 91.0, 'індекс'),

    -- 2025-01-05
    (1, 8, '2025-01-05', 14.5, 'мг/м³'),
    (2, 8, '2025-01-05', 40.5, 'мг/м³'),
    (3, 8, '2025-01-05', 23.0, 'мг/м³'),
    (4, 8, '2025-01-05', 1.9, 'мг/м³'),
    (5, 8, '2025-01-05', 1.15, 'мг/м³'),
    (6, 8, '2025-01-05', 0.08, 'мг/м³'),
    (7, 8, '2025-01-05', 0.0028, 'мг/м³'),
    (8, 8, '2025-01-05', 92.0, 'індекс'),

    -- 2025-01-06
    (1, 8, '2025-01-06', 15.0, 'мг/м³'),
    (2, 8, '2025-01-06', 41.0, 'мг/м³'),
    (3, 8, '2025-01-06', 23.5, 'мг/м³'),
    (4, 8, '2025-01-06', 2.0, 'мг/м³'),
    (5, 8, '2025-01-06', 1.20, 'мг/м³'),
    (6, 8, '2025-01-06', 0.085, 'мг/м³'),
    (7, 8, '2025-01-06', 0.0030, 'мг/м³'),
    (8, 8, '2025-01-06', 93.0, 'індекс'),

    -- 2025-01-07
    (1, 8, '2025-01-07', 15.5, 'мг/м³'),
    (2, 8, '2025-01-07', 41.5, 'мг/м³'),
    (3, 8, '2025-01-07', 24.0, 'мг/м³'),
    (4, 8, '2025-01-07', 2.1, 'мг/м³'),
    (5, 8, '2025-01-07', 1.25, 'мг/м³'),
    (6, 8, '2025-01-07', 0.09, 'мг/м³'),
    (7, 8, '2025-01-07', 0.0032, 'мг/м³'),
    (8, 8, '2025-01-07', 94.0, 'індекс');


INSERT INTO component_measurement (component_id, factory_id, measurement_date, value, unit)
VALUES 
    -- Гумус (component_id = 16)
    (16, 8, '2025-01-01', 4.5, '%'),

    -- Рухомі сполуки фосфору (P2O5) (component_id = 17)
    (17, 8, '2025-01-01', 49.0, 'мг/кг'),

    -- Рухомі сполуки калію (K2O) (component_id = 18)
    (18, 8, '2025-01-01', 34.5, 'мг/кг'),

    -- Засоленість (component_id = 19)
    (19, 8, '2025-01-01', 0.85, '‰'),

    -- Солонцюватість (component_id = 20)
    (20, 8, '2025-01-01', 0.42, '‰'),

    -- Забруднення хімічними речовинами (component_id = 21)
    (21, 8, '2025-01-01', 3.2, 'мг/кг'),

    -- pH (component_id = 22)
    (22, 8, '2025-01-01', 6.2, 'pH'),

    -- Бал бонітету для складового ґрунту (component_id = 23)
    (23, 8, '2025-01-01', 76.5, 'бал'); 

    INSERT INTO component_measurement (component_id, factory_id, measurement_date, value, unit)
VALUES 
    -- 2025-01-02
    (16, 8, '2025-01-02', 4.6, '%'),
    (17, 8, '2025-01-02', 50.0, 'мг/кг'),
    (18, 8, '2025-01-02', 35.0, 'мг/кг'),
    (19, 8, '2025-01-02', 0.86, '‰'),
    (20, 8, '2025-01-02', 0.43, '‰'),
    (21, 8, '2025-01-02', 3.3, 'мг/кг'),
    (22, 8, '2025-01-02', 6.3, 'pH'),
    (23, 8, '2025-01-02', 77.0, 'бал'),

    -- 2025-01-03
    (16, 8, '2025-01-03', 4.7, '%'),
    (17, 8, '2025-01-03', 51.2, 'мг/кг'),
    (18, 8, '2025-01-03', 36.0, 'мг/кг'),
    (19, 8, '2025-01-03', 0.87, '‰'),
    (20, 8, '2025-01-03', 0.44, '‰'),
    (21, 8, '2025-01-03', 3.4, 'мг/кг'),
    (22, 8, '2025-01-03', 6.4, 'pH'),
    (23, 8, '2025-01-03', 77.5, 'бал'),

    -- 2025-01-04
    (16, 8, '2025-01-04', 4.8, '%'),
    (17, 8, '2025-01-04', 52.5, 'мг/кг'),
    (18, 8, '2025-01-04', 37.0, 'мг/кг'),
    (19, 8, '2025-01-04', 0.88, '‰'),
    (20, 8, '2025-01-04', 0.45, '‰'),
    (21, 8, '2025-01-04', 3.5, 'мг/кг'),
    (22, 8, '2025-01-04', 6.5, 'pH'),
    (23, 8, '2025-01-04', 78.0, 'бал'),

    -- 2025-01-05
    (16, 8, '2025-01-05', 4.9, '%'),
    (17, 8, '2025-01-05', 53.0, 'мг/кг'),
    (18, 8, '2025-01-05', 38.0, 'мг/кг'),
    (19, 8, '2025-01-05', 0.89, '‰'),
    (20, 8, '2025-01-05', 0.46, '‰'),
    (21, 8, '2025-01-05', 3.6, 'мг/кг'),
    (22, 8, '2025-01-05', 6.6, 'pH'),
    (23, 8, '2025-01-05', 78.5, 'бал'),

    -- 2025-01-06
    (16, 8, '2025-01-06', 5.0, '%'),
    (17, 8, '2025-01-06', 54.0, 'мг/кг'),
    (18, 8, '2025-01-06', 39.0, 'мг/кг'),
    (19, 8, '2025-01-06', 0.90, '‰'),
    (20, 8, '2025-01-06', 0.47, '‰'),
    (21, 8, '2025-01-06', 3.7, 'мг/кг'),
    (22, 8, '2025-01-06', 6.7, 'pH'),
    (23, 8, '2025-01-06', 79.0, 'бал'),

    -- 2025-01-07
    (16, 8, '2025-01-07', 5.1, '%'),
    (17, 8, '2025-01-07', 55.0, 'мг/кг'),
    (18, 8, '2025-01-07', 40.0, 'мг/кг'),
    (19, 8, '2025-01-07', 0.92, '‰'),
    (20, 8, '2025-01-07', 0.48, '‰'),
    (21, 8, '2025-01-07', 3.8, 'мг/кг'),
    (22, 8, '2025-01-07', 6.8, 'pH'),
    (23, 8, '2025-01-07', 79.5, 'бал');

INSERT INTO component_measurement (component_id, factory_id, measurement_date, value, unit)
VALUES 
    -- Медико-демографічні показники (component_id = 41)
    (41, 8, '2025-01-01', 270.0, 'осіб/1000 населення'),

    -- Показники захворюваності та поширення хвороб (хворобливість) (component_id = 42)
    (42, 8, '2025-01-01', 1650.0, 'випадків/1000 населення'),

    -- Інвалідності та інвалідизації (component_id = 43)
    (43, 8, '2025-01-01', 130.0, 'осіб/1000 населення'),

    -- Фізичного розвитку населення (component_id = 44)
    (44, 8, '2025-01-01', 87.0, 'індекс'),

    -- Ризики захворювання (component_id = 45)
    (45, 8, '2025-01-01', 0.21, 'коефіцієнт'),

    -- Прогноз захворювання (component_id = 46)
    (46, 8, '2025-01-01', 1300.0, 'випадків на рік'),

    -- Прогноз тривалості життя (component_id = 47)
    (47, 8, '2025-01-01', 79.0, 'років'); 

    INSERT INTO component_measurement (component_id, factory_id, measurement_date, value, unit)
VALUES 
    -- 2025-01-02
    (41, 8, '2025-01-02', 271.5, 'осіб/1000 населення'),
    (42, 8, '2025-01-02', 1665.0, 'випадків/1000 населення'),
    (43, 8, '2025-01-02', 131.5, 'осіб/1000 населення'),
    (44, 8, '2025-01-02', 87.3, 'індекс'),
    (45, 8, '2025-01-02', 0.215, 'коефіцієнт'),
    (46, 8, '2025-01-02', 1312.0, 'випадків на рік'),
    (47, 8, '2025-01-02', 79.1, 'років'),

    -- 2025-01-03
    (41, 8, '2025-01-03', 273.0, 'осіб/1000 населення'),
    (42, 8, '2025-01-03', 1680.0, 'випадків/1000 населення'),
    (43, 8, '2025-01-03', 133.0, 'осіб/1000 населення'),
    (44, 8, '2025-01-03', 87.5, 'індекс'),
    (45, 8, '2025-01-03', 0.220, 'коефіцієнт'),
    (46, 8, '2025-01-03', 1325.0, 'випадків на рік'),
    (47, 8, '2025-01-03', 79.2, 'років'),

    -- 2025-01-04
    (41, 8, '2025-01-04', 274.5, 'осіб/1000 населення'),
    (42, 8, '2025-01-04', 1695.0, 'випадків/1000 населення'),
    (43, 8, '2025-01-04', 134.5, 'осіб/1000 населення'),
    (44, 8, '2025-01-04', 87.8, 'індекс'),
    (45, 8, '2025-01-04', 0.225, 'коефіцієнт'),
    (46, 8, '2025-01-04', 1338.0, 'випадків на рік'),
    (47, 8, '2025-01-04', 79.3, 'років'),

    -- 2025-01-05
    (41, 8, '2025-01-05', 276.0, 'осіб/1000 населення'),
    (42, 8, '2025-01-05', 1710.0, 'випадків/1000 населення'),
    (43, 8, '2025-01-05', 136.0, 'осіб/1000 населення'),
    (44, 8, '2025-01-05', 88.0, 'індекс'),
    (45, 8, '2025-01-05', 0.230, 'коефіцієнт'),
    (46, 8, '2025-01-05', 1350.0, 'випадків на рік'),
    (47, 8, '2025-01-05', 79.4, 'років'),

    -- 2025-01-06
    (41, 8, '2025-01-06', 277.5, 'осіб/1000 населення'),
    (42, 8, '2025-01-06', 1725.0, 'випадків/1000 населення'),
    (43, 8, '2025-01-06', 137.5, 'осіб/1000 населення'),
    (44, 8, '2025-01-06', 88.2, 'індекс'),
    (45, 8, '2025-01-06', 0.235, 'коефіцієнт'),
    (46, 8, '2025-01-06', 1362.0, 'випадків на рік'),
    (47, 8, '2025-01-06', 79.5, 'років'),

    -- 2025-01-07
    (41, 8, '2025-01-07', 279.0, 'осіб/1000 населення'),
    (42, 8, '2025-01-07', 1740.0, 'випадків/1000 населення'),
    (43, 8, '2025-01-07', 139.0, 'осіб/1000 населення'),
    (44, 8, '2025-01-07', 88.5, 'індекс'),
    (45, 8, '2025-01-07', 0.240, 'коефіцієнт'),
    (46, 8, '2025-01-07', 1375.0, 'випадків на рік'),
    (47, 8, '2025-01-07', 79.6, 'років');

INSERT INTO component_measurement (component_id, factory_id, measurement_date, value, unit)
VALUES 
    -- Показники епідемічної безпеки (мікробіологічні) (component_id = 9)
    (9, 9, '2025-01-01', 15.0, 'КУО/дм³'),

    -- Показники епідемічної безпеки (паразитарні) (component_id = 10)
    (10, 9, '2025-01-01', 3.0, 'яйця гельмінтів/дм³'),

    -- Санітарно-хімічні (органолептичні) (component_id = 11)
    (11, 9, '2025-01-01', 1.9, 'бали'),

    -- Санітарно-хімічні (фізико-хімічні) (component_id = 12)
    (12, 9, '2025-01-01', 0.8, 'мг/дм³'),

    -- Санітарно-хімічні (санітарно-токсикологічні) (component_id = 13)
    (13, 9, '2025-01-01', 0.07, 'мг/дм³'),

    -- Радіаційні показники (component_id = 14)
    (14, 9, '2025-01-01', 0.16, 'мЗв/рік'),

    -- Індекс забрудненості води (component_id = 15)
    (15, 9, '2025-01-01', 15.0, 'індекс'); 

    INSERT INTO component_measurement (component_id, factory_id, measurement_date, value, unit)
VALUES 
    -- 2025-01-02
    (9, 9, '2025-01-02', 5.0, 'КУО/дм³'),
    (10, 9, '2025-01-02', 3.1, 'яйця гельмінтів/дм³'),
    (11, 9, '2025-01-02', 2.0, 'бали'),
    (12, 9, '2025-01-02', 0.82, 'мг/дм³'),
    (13, 9, '2025-01-02', 0.072, 'мг/дм³'),
    (14, 9, '2025-01-02', 0.165, 'мЗв/рік'),
    (15, 9, '2025-01-02', 10.0, 'індекс'),

    -- 2025-01-03
    (9, 9, '2025-01-03', 8.0, 'КУО/дм³'),
    (10, 9, '2025-01-03', 3.2, 'яйця гельмінтів/дм³'),
    (11, 9, '2025-01-03', 2.1, 'бали'),
    (12, 9, '2025-01-03', 0.84, 'мг/дм³'),
    (13, 9, '2025-01-03', 0.074, 'мг/дм³'),
    (14, 9, '2025-01-03', 0.170, 'мЗв/рік'),
    (15, 9, '2025-01-03', 10.0, 'індекс'),

    -- 2025-01-04
    (9, 9, '2025-01-04', 10.0, 'КУО/дм³'),
    (10, 9, '2025-01-04', 3.3, 'яйця гельмінтів/дм³'),
    (11, 9, '2025-01-04', 2.2, 'бали'),
    (12, 9, '2025-01-04', 0.86, 'мг/дм³'),
    (13, 9, '2025-01-04', 0.076, 'мг/дм³'),
    (14, 9, '2025-01-04', 0.175, 'мЗв/рік'),
    (15, 9, '2025-01-04', 12.0, 'індекс'),

    -- 2025-01-05
    (9, 9, '2025-01-05', 20.0, 'КУО/дм³'),
    (10, 9, '2025-01-05', 3.4, 'яйця гельмінтів/дм³'),
    (11, 9, '2025-01-05', 2.3, 'бали'),
    (12, 9, '2025-01-05', 0.88, 'мг/дм³'),
    (13, 9, '2025-01-05', 0.078, 'мг/дм³'),
    (14, 9, '2025-01-05', 0.180, 'мЗв/рік'),
    (15, 9, '2025-01-05', 34.0, 'індекс'),

    -- 2025-01-06
    (9, 9, '2025-01-06', 8.0, 'КУО/дм³'),
    (10, 9, '2025-01-06', 3.5, 'яйця гельмінтів/дм³'),
    (11, 9, '2025-01-06', 2.4, 'бали'),
    (12, 9, '2025-01-06', 0.90, 'мг/дм³'),
    (13, 9, '2025-01-06', 0.080, 'мг/дм³'),
    (14, 9, '2025-01-06', 0.185, 'мЗв/рік'),
    (15, 9, '2025-01-06', 24.0, 'індекс'),

    -- 2025-01-07
    (9, 9, '2025-01-07', 5.0, 'КУО/дм³'),
    (10, 9, '2025-01-07', 3.6, 'яйця гельмінтів/дм³'),
    (11, 9, '2025-01-07', 2.5, 'бали'),
    (12, 9, '2025-01-07', 0.92, 'мг/дм³'),
    (13, 9, '2025-01-07', 0.082, 'мг/дм³'),
    (14, 9, '2025-01-07', 0.190, 'мЗв/рік'),
    (15, 9, '2025-01-07', 15.0, 'індекс');

INSERT INTO component_measurement (component_id, factory_id, measurement_date, value, unit)
VALUES 
    -- Валовий внутрішній продукт (component_id = 30)
    (30, 9, '2025-01-01', 285000.0, 'млн грн'),

    -- Вантажообіг (component_id = 31)
    (31, 9, '2025-01-01', 5700.0, 'тис. тонн'),

    -- Пасажирообіг (component_id = 32)
    (32, 9, '2025-01-01', 14000.0, 'тис. пасажирів'),

    -- Експорт товарів та послуг (component_id = 33)
    (33, 9, '2025-01-01', 83000.0, 'млн грн'),

    -- Імпорт товарів та послуг (component_id = 34)
    (34, 9, '2025-01-01', 73000.0, 'млн грн'),

    -- Заробітна плата (component_id = 35)
    (35, 9, '2025-01-01', 17500.0, 'грн'),

    -- Індекс промислової продукції (component_id = 36)
    (36, 9, '2025-01-01', 115.0, 'індекс'),

    -- Індекс обсягу сільськогосподарського виробництва (component_id = 37)
    (37, 9, '2025-01-01', 109.0, 'індекс'),

    -- Індекс будівельної продукції (component_id = 38)
    (38, 9, '2025-01-01', 103.0, 'індекс'),

    -- Індекс споживчих цін (component_id = 39)
    (39, 9, '2025-01-01', 105.5, 'індекс'),

    -- Індекс цін виробників промислової продукції (component_id = 40)
    (40, 9, '2025-01-01', 110.0, 'індекс'); 

    INSERT INTO component_measurement (component_id, factory_id, measurement_date, value, unit)
VALUES 
    -- 2025-01-02
    (30, 9, '2025-01-02', 287000.0, 'млн грн'),
    (31, 9, '2025-01-02', 5730.0, 'тис. тонн'),
    (32, 9, '2025-01-02', 14150.0, 'тис. пасажирів'),
    (33, 9, '2025-01-02', 83500.0, 'млн грн'),
    (34, 9, '2025-01-02', 73500.0, 'млн грн'),
    (35, 9, '2025-01-02', 17600.0, 'грн'),
    (36, 9, '2025-01-02', 115.5, 'індекс'),
    (37, 9, '2025-01-02', 109.5, 'індекс'),
    (38, 9, '2025-01-02', 103.2, 'індекс'),
    (39, 9, '2025-01-02', 105.8, 'індекс'),
    (40, 9, '2025-01-02', 110.3, 'індекс'),

    -- 2025-01-03
    (30, 9, '2025-01-03', 289000.0, 'млн грн'),
    (31, 9, '2025-01-03', 5760.0, 'тис. тонн'),
    (32, 9, '2025-01-03', 14300.0, 'тис. пасажирів'),
    (33, 9, '2025-01-03', 84000.0, 'млн грн'),
    (34, 9, '2025-01-03', 74000.0, 'млн грн'),
    (35, 9, '2025-01-03', 17700.0, 'грн'),
    (36, 9, '2025-01-03', 116.0, 'індекс'),
    (37, 9, '2025-01-03', 110.0, 'індекс'),
    (38, 9, '2025-01-03', 103.5, 'індекс'),
    (39, 9, '2025-01-03', 106.0, 'індекс'),
    (40, 9, '2025-01-03', 110.5, 'індекс'),

    -- 2025-01-04
    (30, 9, '2025-01-04', 291500.0, 'млн грн'),
    (31, 9, '2025-01-04', 5790.0, 'тис. тонн'),
    (32, 9, '2025-01-04', 14450.0, 'тис. пасажирів'),
    (33, 9, '2025-01-04', 84500.0, 'млн грн'),
    (34, 9, '2025-01-04', 74500.0, 'млн грн'),
    (35, 9, '2025-01-04', 17800.0, 'грн'),
    (36, 9, '2025-01-04', 116.5, 'індекс'),
    (37, 9, '2025-01-04', 110.5, 'індекс'),
    (38, 9, '2025-01-04', 103.8, 'індекс'),
    (39, 9, '2025-01-04', 106.2, 'індекс'),
    (40, 9, '2025-01-04', 110.8, 'індекс'),

    -- 2025-01-05
    (30, 9, '2025-01-05', 294000.0, 'млн грн'),
    (31, 9, '2025-01-05', 5830.0, 'тис. тонн'),
    (32, 9, '2025-01-05', 14600.0, 'тис. пасажирів'),
    (33, 9, '2025-01-05', 85000.0, 'млн грн'),
    (34, 9, '2025-01-05', 75000.0, 'млн грн'),
    (35, 9, '2025-01-05', 17900.0, 'грн'),
    (36, 9, '2025-01-05', 117.0, 'індекс'),
    (37, 9, '2025-01-05', 111.0, 'індекс'),
    (38, 9, '2025-01-05', 104.0, 'індекс'),
    (39, 9, '2025-01-05', 106.5, 'індекс'),
    (40, 9, '2025-01-05', 111.0, 'індекс'),

    -- 2025-01-06
    (30, 9, '2025-01-06', 296500.0, 'млн грн'),
    (31, 9, '2025-01-06', 5860.0, 'тис. тонн'),
    (32, 9, '2025-01-06', 14750.0, 'тис. пасажирів'),
    (33, 9, '2025-01-06', 85500.0, 'млн грн'),
    (34, 9, '2025-01-06', 75500.0, 'млн грн'),
    (35, 9, '2025-01-06', 18000.0, 'грн'),
    (36, 9, '2025-01-06', 117.5, 'індекс'),
    (37, 9, '2025-01-06', 111.5, 'індекс'),
    (38, 9, '2025-01-06', 104.2, 'індекс'),
    (39, 9, '2025-01-06', 106.8, 'індекс'),
    (40, 9, '2025-01-06', 111.2, 'індекс'),

    -- 2025-01-07
    (30, 9, '2025-01-07', 299000.0, 'млн грн'),
    (31, 9, '2025-01-07', 5900.0, 'тис. тонн'),
    (32, 9, '2025-01-07', 14900.0, 'тис. пасажирів'),
    (33, 9, '2025-01-07', 86000.0, 'млн грн'),
    (34, 9, '2025-01-07', 76000.0, 'млн грн'),
    (35, 9, '2025-01-07', 18100.0, 'грн'),
    (36, 9, '2025-01-07', 118.0, 'індекс'),
    (37, 9, '2025-01-07', 112.0, 'індекс'),
    (38, 9, '2025-01-07', 104.5, 'індекс'),
    (39, 9, '2025-01-07', 107.0, 'індекс'),
    (40, 9, '2025-01-07', 111.5, 'індекс');

INSERT INTO component_measurement (component_id, factory_id, measurement_date, value, unit)
VALUES 
    -- Гумус (component_id = 16)
    (16, 10, '2025-01-01', 4.8, '%'),

    -- Рухомі сполуки фосфору (P2O5) (component_id = 17)
    (17, 10, '2025-01-01', 51.0, 'мг/кг'),

    -- Рухомі сполуки калію (K2O) (component_id = 18)
    (18, 10, '2025-01-01', 36.0, 'мг/кг'),

    -- Засоленість (component_id = 19)
    (19, 10, '2025-01-01', 0.9, '‰'),

    -- Солонцюватість (component_id = 20)
    (20, 10, '2025-01-01', 0.45, '‰'),

    -- Забруднення хімічними речовинами (component_id = 21)
    (21, 10, '2025-01-01', 3.5, 'мг/кг'),

    -- pH (component_id = 22)
    (22, 10, '2025-01-01', 6.0, 'pH'),

    -- Бал бонітету для складового ґрунту (component_id = 23)
    (23, 10, '2025-01-01', 74.0, 'бал'); 

    INSERT INTO component_measurement (component_id, factory_id, measurement_date, value, unit)
VALUES 
    -- 2025-01-02
    (16, 10, '2025-01-02', 4.9, '%'),
    (17, 10, '2025-01-02', 52.0, 'мг/кг'),
    (18, 10, '2025-01-02', 37.0, 'мг/кг'),
    (19, 10, '2025-01-02', 0.91, '‰'),
    (20, 10, '2025-01-02', 0.46, '‰'),
    (21, 10, '2025-01-02', 3.6, 'мг/кг'),
    (22, 10, '2025-01-02', 6.1, 'pH'),
    (23, 10, '2025-01-02', 74.5, 'бал'),

    -- 2025-01-03
    (16, 10, '2025-01-03', 5.0, '%'),
    (17, 10, '2025-01-03', 53.5, 'мг/кг'),
    (18, 10, '2025-01-03', 38.0, 'мг/кг'),
    (19, 10, '2025-01-03', 0.92, '‰'),
    (20, 10, '2025-01-03', 0.47, '‰'),
    (21, 10, '2025-01-03', 3.7, 'мг/кг'),
    (22, 10, '2025-01-03', 6.2, 'pH'),
    (23, 10, '2025-01-03', 75.0, 'бал'),

    -- 2025-01-04
    (16, 10, '2025-01-04', 5.1, '%'),
    (17, 10, '2025-01-04', 54.0, 'мг/кг'),
    (18, 10, '2025-01-04', 39.0, 'мг/кг'),
    (19, 10, '2025-01-04', 0.93, '‰'),
    (20, 10, '2025-01-04', 0.48, '‰'),
    (21, 10, '2025-01-04', 3.8, 'мг/кг'),
    (22, 10, '2025-01-04', 6.3, 'pH'),
    (23, 10, '2025-01-04', 75.5, 'бал'),

    -- 2025-01-05
    (16, 10, '2025-01-05', 5.2, '%'),
    (17, 10, '2025-01-05', 55.0, 'мг/кг'),
    (18, 10, '2025-01-05', 40.0, 'мг/кг'),
    (19, 10, '2025-01-05', 0.94, '‰'),
    (20, 10, '2025-01-05', 0.49, '‰'),
    (21, 10, '2025-01-05', 3.9, 'мг/кг'),
    (22, 10, '2025-01-05', 6.4, 'pH'),
    (23, 10, '2025-01-05', 76.0, 'бал'),

    -- 2025-01-06
    (16, 10, '2025-01-06', 5.3, '%'),
    (17, 10, '2025-01-06', 56.0, 'мг/кг'),
    (18, 10, '2025-01-06', 41.0, 'мг/кг'),
    (19, 10, '2025-01-06', 0.95, '‰'),
    (20, 10, '2025-01-06', 0.50, '‰'),
    (21, 10, '2025-01-06', 4.0, 'мг/кг'),
    (22, 10, '2025-01-06', 6.5, 'pH'),
    (23, 10, '2025-01-06', 76.5, 'бал'),

    -- 2025-01-07
    (16, 10, '2025-01-07', 5.4, '%'),
    (17, 10, '2025-01-07', 57.0, 'мг/кг'),
    (18, 10, '2025-01-07', 42.0, 'мг/кг'),
    (19, 10, '2025-01-07', 0.96, '‰'),
    (20, 10, '2025-01-07', 0.51, '‰'),
    (21, 10, '2025-01-07', 4.1, 'мг/кг'),
    (22, 10, '2025-01-07', 6.6, 'pH'),
    (23, 10, '2025-01-07', 77.0, 'бал');

INSERT INTO component_measurement (component_id, factory_id, measurement_date, value, unit)
VALUES 
    -- Обсяги використання води (component_id = 48)
    (48, 10, '2025-01-01', 590.0, 'м³'),

    -- Обсяги використання електроенергії (component_id = 49)
    (49, 10, '2025-01-01', 14000.0, 'кВт·год'),

    -- Обсяги використання газу (component_id = 50)
    (50, 10, '2025-01-01', 1720.0, 'м³'),

    -- Обсяги використання теплової енергії за кожен місяць (component_id = 51)
    (51, 10, '2025-01-01', 245.0, 'Гкал'),

    -- Середні обсяги споживання за місяць та рік (component_id = 52)
    (52, 10, '2025-01-01', 850.0, 'кВт·год/міс'),

    -- Енергоефективність будівлі або виробництва (component_id = 53)
    (53, 10, '2025-01-01', 0.96, 'коефіцієнт'); 

    INSERT INTO component_measurement (component_id, factory_id, measurement_date, value, unit)
VALUES 
    -- 2025-01-02
    (48, 10, '2025-01-02', 600.0, 'м³'),
    (49, 10, '2025-01-02', 14100.0, 'кВт·год'),
    (50, 10, '2025-01-02', 1740.0, 'м³'),
    (51, 10, '2025-01-02', 250.0, 'Гкал'),
    (52, 10, '2025-01-02', 855.0, 'кВт·год/міс'),
    (53, 10, '2025-01-02', 0.97, 'коефіцієнт'),

    -- 2025-01-03
    (48, 10, '2025-01-03', 610.0, 'м³'),
    (49, 10, '2025-01-03', 14250.0, 'кВт·год'),
    (50, 10, '2025-01-03', 1760.0, 'м³'),
    (51, 10, '2025-01-03', 255.0, 'Гкал'),
    (52, 10, '2025-01-03', 860.0, 'кВт·год/міс'),
    (53, 10, '2025-01-03', 0.98, 'коефіцієнт'),

    -- 2025-01-04
    (48, 10, '2025-01-04', 620.0, 'м³'),
    (49, 10, '2025-01-04', 14400.0, 'кВт·год'),
    (50, 10, '2025-01-04', 1780.0, 'м³'),
    (51, 10, '2025-01-04', 260.0, 'Гкал'),
    (52, 10, '2025-01-04', 865.0, 'кВт·год/міс'),
    (53, 10, '2025-01-04', 0.99, 'коефіцієнт'),

    -- 2025-01-05
    (48, 10, '2025-01-05', 630.0, 'м³'),
    (49, 10, '2025-01-05', 14550.0, 'кВт·год'),
    (50, 10, '2025-01-05', 1800.0, 'м³'),
    (51, 10, '2025-01-05', 265.0, 'Гкал'),
    (52, 10, '2025-01-05', 870.0, 'кВт·год/міс'),
    (53, 10, '2025-01-05', 1.00, 'коефіцієнт'),

    -- 2025-01-06
    (48, 10, '2025-01-06', 640.0, 'м³'),
    (49, 10, '2025-01-06', 14700.0, 'кВт·год'),
    (50, 10, '2025-01-06', 1820.0, 'м³'),
    (51, 10, '2025-01-06', 270.0, 'Гкал'),
    (52, 10, '2025-01-06', 875.0, 'кВт·год/міс'),
    (53, 10, '2025-01-06', 1.01, 'коефіцієнт'),

    -- 2025-01-07
    (48, 10, '2025-01-07', 650.0, 'м³'),
    (49, 10, '2025-01-07', 14850.0, 'кВт·год'),
    (50, 10, '2025-01-07', 1840.0, 'м³'),
    (51, 10, '2025-01-07', 275.0, 'Гкал'),
    (52, 10, '2025-01-07', 880.0, 'кВт·год/міс'),
    (53, 10, '2025-01-07', 1.02, 'коефіцієнт');

