-- CREATE TABLES
-- Назва будівль
CREATE TABLE IF NOT EXISTS eco_factory (
    id SERIAL PRIMARY KEY,
    factory_name VARCHAR(255) NOT NULL
);

-- Координати будівель
CREATE TABLE IF NOT EXISTS factory_coordinates (
    id SERIAL PRIMARY KEY,
    factory_id INT NOT NULL,
    latitude DECIMAL(15, 10) NOT NULL,
    longitude DECIMAL(15, 10) NOT NULL,
    FOREIGN KEY (factory_id) REFERENCES eco_factory (id) ON DELETE CASCADE
);

-- Категорії (наприклад, 'Стан повітря')
CREATE TABLE IF NOT EXISTS category (
    id SERIAL PRIMARY KEY,
    category_name VARCHAR(255) NOT NULL
);

-- Компоненти кожної категорії 
CREATE TABLE IF NOT EXISTS category_component (
    id SERIAL PRIMARY KEY,
    category_id INT NOT NULL,
    component_type VARCHAR(50) CHECK (component_type IN ('Вимірювальні', 'Розраховані')),
    component_name VARCHAR(255) NOT NULL,
    FOREIGN KEY (category_id) REFERENCES category (id) ON DELETE CASCADE
);

-- Дані вимірювання
CREATE TABLE IF NOT EXISTS component_measurement (
    id SERIAL PRIMARY KEY,
    component_id INT NOT NULL,
    factory_id INT NOT NULL,
    measurement_date DATE,
    value NUMERIC(18, 4),
    unit VARCHAR(50),
    FOREIGN KEY (component_id) REFERENCES category_component (id) ON DELETE CASCADE,
    FOREIGN KEY (factory_id) REFERENCES eco_factory (id) ON DELETE CASCADE
);


-- INSERT DATA 

INSERT INTO eco_factory (factory_name)
VALUES 
('ЕкоТех Пром'),
('Зелена Енергія'),
('Біо-Ресурс'),
('Сонячна Фабрика'),
('Водний Світ'),
('Сільськогосподарський Центр'),
('Металургічний Завод ЕКО'),
('Екологічна Теплоенергія'),
('ХімПром Безпека'),
('ЕкоБуд Технології');

INSERT INTO factory_coordinates (factory_id, latitude, longitude)
VALUES 
    (1, 50.4340298215, 30.5454834555),
    (2, 50.4334942216, 30.5467733401),
    (3, 50.4226532049, 30.4050006385),
    (4, 50.4662052399, 30.3443669115),
    (5, 50.4746283572, 30.4394753962),
    (6, 50.4425367292, 30.6266690385),
    (7, 50.3590408137, 30.6214175623),
    (8, 50.3822525700, 30.6368230007),
    (9, 50.4234259254, 30.3890921036),
    (10, 50.3781796310, 30.4596389827);

INSERT INTO category (id, category_name)
VALUES 
    (1, 'Стан повітря'),
    (2, 'Стан водних ресурсів'),
    (3, 'Стан ґрунтів'),
    (4, 'Рівень радіації'),
    (5, 'Відходи'),
    (6, 'Економічний стан'),
    (7, 'Стан здоров’я населення'),
    (8, 'Енергетичний стан');

INSERT INTO category_component (id, category_id, component_type, component_name)
VALUES 
    (1, 1, 'Вимірювальні', 'Вміст пилу'),
    (2, 1, 'Вимірювальні', 'Двоокис азоту (NO2)'),
    (3, 1, 'Вимірювальні', 'Двоокис сірки (SO2)'),
    (4, 1, 'Вимірювальні', 'Оксид вуглецю'),
    (5, 1, 'Вимірювальні', 'Формальдегід (H2CO)'),
    (6, 1, 'Вимірювальні', 'Свинець'),
    (7, 1, 'Вимірювальні', 'Бенз(а)пірен'),
    (8, 1, 'Розраховані', 'Iндекс якості повітря'),
    (9, 2, 'Вимірювальні', 'Показники епідемічної безпеки (мікробіологічні)'),
    (10, 2, 'Вимірювальні', 'Показники епідемічної безпеки (паразитарні)'),
    (11, 2, 'Вимірювальні', 'Санітарно-хімічні (органолептичні)'),
    (12, 2, 'Вимірювальні', 'Санітарно-хімічні (фізико-хімічні)'),
    (13, 2, 'Вимірювальні', 'Санітарно-хімічні (санітарно-токсикологічні)'),
    (14, 2, 'Вимірювальні', 'Радіаційні показники'),
    (15, 2, 'Розраховані', 'Індекс забрудненості води'),
    (16, 3, 'Вимірювальні', 'Гумус'),
    (17, 3, 'Вимірювальні', 'Рухомі сполуки фосфору (P2O5)'),
    (18, 3, 'Вимірювальні', 'Рухомі сполуки калію (K2O)'),
    (19, 3, 'Вимірювальні', 'Засоленість'),
    (20, 3, 'Вимірювальні', 'Солонцюватість'),
    (21, 3, 'Вимірювальні', 'Забруднення хімічними речовинами'),
    (22, 3, 'Вимірювальні', 'pH'),
    (23, 3, 'Розраховані', 'Бал бонітету для складового ґрунту'),
    (24, 4, 'Вимірювальні', 'Рівень радіації'),
    (25, 4, 'Розраховані', 'Радіаційний фон'),
    (26, 5, 'Вимірювальні', 'Клас небезпеки'),
    (27, 5, 'Вимірювальні', 'Токсичність'),
    (28, 5, 'Вимірювальні', 'Склад (вміст речовин)'),
    (29, 5, 'Вимірювальні', 'Маса або об’єм'),
    (30, 6, 'Вимірювальні', 'Валовий внутрішній продукт'),
    (31, 6, 'Вимірювальні', 'Вантажообіг'),
    (32, 6, 'Вимірювальні', 'Пасажирообіг'),
    (33, 6, 'Вимірювальні', 'Експорт товарів та послуг'),
    (34, 6, 'Вимірювальні', 'Імпорт товарів та послуг'),
    (35, 6, 'Вимірювальні', 'Заробітна плата'),
    (36, 6, 'Розраховані', 'Індекс промислової продукції'),
    (37, 6, 'Розраховані', 'Індекс обсягу сільськогосподарського виробництва'),
    (38, 6, 'Розраховані', 'Індекс будівельної продукції'),
    (39, 6, 'Розраховані', 'Індекс споживчих цін'),
    (40, 6, 'Розраховані', 'Індекс цін виробників промислової продукції'),
    (41, 7, 'Вимірювальні', 'Медико-демографічні показники'),
    (42, 7, 'Вимірювальні', 'Показники захворюваності та поширення хвороб (хворобливість)'),
    (43, 7, 'Вимірювальні', 'Інвалідності та інвалідизації'),
    (44, 7, 'Вимірювальні', 'Фізичного розвитку населення'),
    (45, 7, 'Розраховані', 'Ризики захворювання'),
    (46, 7, 'Розраховані', 'Прогноз захворювання'),
    (47, 7, 'Розраховані', 'Прогноз тривалості життя'),
    (48, 8, 'Вимірювальні', 'Обсяги використання води'),
    (49, 8, 'Вимірювальні', 'Обсяги використання електроенергії'),
    (50, 8, 'Вимірювальні', 'Обсяги використання газу'),
    (51, 8, 'Вимірювальні', 'Обсяги використання теплової енергії за кожен місяць'),
    (52, 8, 'Розраховані', 'Середні обсяги споживання за місяць та рік'),
    (53, 8, 'Розраховані', 'Енергоефективність будівлі або виробництва');

INSERT INTO component_measurement (component_id, factory_id, measurement_date, value, unit)
VALUES 
    -- Вміст пилу (component_id = 1)
    (1, 1, '2025-01-01', 12.5, 'мг/м³'),

    -- Двоокис азоту (NO2) (component_id = 2)
    (2, 1, '2025-01-01', 40.2, 'мг/м³'),

    -- Двоокис сірки (SO2) (component_id = 3)
    (3, 1, '2025-01-01', 20.1, 'мг/м³'),

    -- Оксид вуглецю (component_id = 4)
    (4, 1, '2025-01-01', 1.5, 'мг/м³'),

    -- Формальдегід (H2CO) (component_id = 5)
    (5, 1, '2025-01-01', 0.8, 'мг/м³'),

    -- Свинець (component_id = 6)
    (6, 1, '2025-01-01', 0.05, 'мг/м³'),

    -- Бенз(а)пірен (component_id = 7)
    (7, 1, '2025-01-01', 0.001, 'мг/м³'),

    -- Iндекс якості повітря (component_id = 8)
    (8, 1, '2025-01-01', 85.0, 'індекс'), 

    (1, 1, '2025-01-02', 13.0, 'мг/м³'),
    (2, 1, '2025-01-02', 41.0, 'мг/м³'),
    (3, 1, '2025-01-02', 21.0, 'мг/м³'),
    (4, 1, '2025-01-02', 1.6, 'мг/м³'),
    (5, 1, '2025-01-02', 0.85, 'мг/м³'),
    (6, 1, '2025-01-02', 0.06, 'мг/м³'),
    (7, 1, '2025-01-02', 0.0012, 'мг/м³'),
    (8, 1, '2025-01-02', 87.0, 'індекс'),

    (1, 1, '2025-01-03', 15.0, 'мг/м³'),
    (2, 1, '2025-01-03', 16.0, 'мг/м³'),
    (3, 1, '2025-01-03', 20.0, 'мг/м³'),
    (4, 1, '2025-01-03', 3.2, 'мг/м³'),
    (5, 1, '2025-01-03', 1.85, 'мг/м³'),
    (6, 1, '2025-01-03', 2.08, 'мг/м³'),
    (7, 1, '2025-01-03', 3.00, 'мг/м³'),
    (8, 1, '2025-01-03', 100.0, 'індекс'),

    (1, 1, '2025-01-04', 10.0, 'мг/м³'),
    (2, 1, '2025-01-04', 10.0, 'мг/м³'),
    (3, 1, '2025-01-04', 15.0, 'мг/м³'),
    (4, 1, '2025-01-04', 4.2, 'мг/м³'),
    (5, 1, '2025-01-04', 2.85, 'мг/м³'),
    (6, 1, '2025-01-04', 3.08, 'мг/м³'),
    (7, 1, '2025-01-04', 4.00, 'мг/м³'),
    (8, 1, '2025-01-04', 85.0, 'індекс'),

    (1, 1, '2025-01-05', 15.0, 'мг/м³'),
    (2, 1, '2025-01-05', 12.0, 'мг/м³'),
    (3, 1, '2025-01-05', 20.0, 'мг/м³'),
    (4, 1, '2025-01-05', 5.12, 'мг/м³'),
    (5, 1, '2025-01-05', 3.85, 'мг/м³'),
    (6, 1, '2025-01-05', 4.90, 'мг/м³'),
    (7, 1, '2025-01-05', 4.00, 'мг/м³'),
    (8, 1, '2025-01-05', 85.0, 'індекс'),

    (1, 1, '2025-01-06', 14.2, 'мг/м³'),
    (2, 1, '2025-01-06', 13.5, 'мг/м³'),
    (3, 1, '2025-01-06', 18.7, 'мг/м³'),
    (4, 1, '2025-01-06', 4.5, 'мг/м³'),
    (5, 1, '2025-01-06', 2.95, 'мг/м³'),
    (6, 1, '2025-01-06', 3.70, 'мг/м³'),
    (7, 1, '2025-01-06', 4.20, 'мг/м³'),
    (8, 1, '2025-01-06', 90.0, 'індекс'),

    (1, 1, '2025-01-07', 16.5, 'мг/м³'),
    (2, 1, '2025-01-07', 14.8, 'мг/м³'),
    (3, 1, '2025-01-07', 19.5, 'мг/м³'),
    (4, 1, '2025-01-07', 5.0, 'мг/м³'),
    (5, 1, '2025-01-07', 3.45, 'мг/м³'),
    (6, 1, '2025-01-07', 4.20, 'мг/м³'),
    (7, 1, '2025-01-07', 4.50, 'мг/м³'),
    (8, 1, '2025-01-07', 92.0, 'індекс');

    
INSERT INTO component_measurement (component_id, factory_id, measurement_date, value, unit)
VALUES 
    -- Вміст пилу (component_id = 1)
    (1, 2, '2025-01-01', 10.5, 'мг/м³'),

    -- Двоокис азоту (NO2) (component_id = 2)
    (2, 2, '2025-01-01', 35.0, 'мг/м³'),

    -- Двоокис сірки (SO2) (component_id = 3)
    (3, 2, '2025-01-01', 18.2, 'мг/м³'),

    -- Оксид вуглецю (component_id = 4)
    (4, 2, '2025-01-01', 1.2, 'мг/м³'),

    -- Формальдегід (H2CO) (component_id = 5)
    (5, 2, '2025-01-01', 0.9, 'мг/м³'),

    -- Свинець (component_id = 6)
    (6, 2, '2025-01-01', 0.06, 'мг/м³'),

    -- Бенз(а)пірен (component_id = 7)
    (7, 2, '2025-01-01', 0.002, 'мг/м³'),

    -- Iндекс якості повітря (component_id = 8)
    (8, 2, '2025-01-01', 88.0, 'індекс'), 

    (1, 2, '2025-01-02', 11.0, 'мг/м³'),
    (2, 2, '2025-01-02', 36.5, 'мг/м³'),
    (3, 2, '2025-01-02', 19.0, 'мг/м³'),
    (4, 2, '2025-01-02', 1.3, 'мг/м³'),
    (5, 2, '2025-01-02', 1.0, 'мг/м³'),
    (6, 2, '2025-01-02', 0.07, 'мг/м³'),
    (7, 2, '2025-01-02', 0.0021, 'мг/м³'),
    (8, 2, '2025-01-02', 89.0, 'індекс'),

    (1, 2, '2025-01-03', 12.0, 'мг/м³'),
    (2, 2, '2025-01-03', 38.0, 'мг/м³'),
    (3, 2, '2025-01-03', 18.5, 'мг/м³'),
    (4, 2, '2025-01-03', 1.4, 'мг/м³'),
    (5, 2, '2025-01-03', 1.1, 'мг/м³'),
    (6, 2, '2025-01-03', 0.08, 'мг/м³'),
    (7, 2, '2025-01-03', 0.0023, 'мг/м³'),
    (8, 2, '2025-01-03', 90.0, 'індекс'),

    (1, 2, '2025-01-04', 13.5, 'мг/м³'),
    (2, 2, '2025-01-04', 40.0, 'мг/м³'),
    (3, 2, '2025-01-04', 20.0, 'мг/м³'),
    (4, 2, '2025-01-04', 1.5, 'мг/м³'),
    (5, 2, '2025-01-04', 1.2, 'мг/м³'),
    (6, 2, '2025-01-04', 0.09, 'мг/м³'),
    (7, 2, '2025-01-04', 0.0025, 'мг/м³'),
    (8, 2, '2025-01-04', 92.0, 'індекс'),

    (1, 2, '2025-01-05', 14.0, 'мг/м³'),
    (2, 2, '2025-01-05', 41.2, 'мг/м³'),
    (3, 2, '2025-01-05', 21.5, 'мг/м³'),
    (4, 2, '2025-01-05', 1.6, 'мг/м³'),
    (5, 2, '2025-01-05', 1.3, 'мг/м³'),
    (6, 2, '2025-01-05', 0.10, 'мг/м³'),
    (7, 2, '2025-01-05', 0.0028, 'мг/м³'),
    (8, 2, '2025-01-05', 94.0, 'індекс'),

    (1, 2, '2025-01-06', 15.0, 'мг/м³'),
    (2, 2, '2025-01-06', 42.5, 'мг/м³'),
    (3, 2, '2025-01-06', 22.0, 'мг/м³'),
    (4, 2, '2025-01-06', 1.7, 'мг/м³'),
    (5, 2, '2025-01-06', 1.4, 'мг/м³'),
    (6, 2, '2025-01-06', 0.11, 'мг/м³'),
    (7, 2, '2025-01-06', 0.0030, 'мг/м³'),
    (8, 2, '2025-01-06', 96.0, 'індекс'); 

INSERT INTO component_measurement (component_id, factory_id, measurement_date, value, unit)
VALUES 
    -- Показники епідемічної безпеки (мікробіологічні) (component_id = 9)
    (9, 2, '2025-01-01', 14.0, 'КУО/дм³'),

    -- Показники епідемічної безпеки (паразитарні) (component_id = 10)
    (10, 2, '2025-01-01', 2.1, 'яйця гельмінтів/дм³'),

    -- Санітарно-хімічні (органолептичні) (component_id = 11)
    (11, 2, '2025-01-01', 1.5, 'бали'),

    -- Санітарно-хімічні (фізико-хімічні) (component_id = 12)
    (12, 2, '2025-01-01', 0.6, 'мг/дм³'),

    -- Санітарно-хімічні (санітарно-токсикологічні) (component_id = 13)
    (13, 2, '2025-01-01', 0.04, 'мг/дм³'),

    -- Радіаційні показники (component_id = 14)
    (14, 2, '2025-01-01', 0.10, 'мЗв/рік'),

    -- Індекс забрудненості води (component_id = 15)
    (15, 2, '2025-01-01', 25.0, 'індекс'), 

    (9, 2, '2025-01-02', 20.0, 'КУО/дм³'),
    (10, 2, '2025-01-02', 2.0, 'яйця гельмінтів/дм³'),
    (11, 2, '2025-01-02', 1.6, 'бали'),
    (12, 2, '2025-01-02', 0.65, 'мг/дм³'),
    (13, 2, '2025-01-02', 0.045, 'мг/дм³'),
    (14, 2, '2025-01-02', 0.11, 'мЗв/рік'),
    (15, 2, '2025-01-02', 30.0, 'індекс'),

    (9, 2, '2025-01-03', 30.0, 'КУО/дм³'),
    (10, 2, '2025-01-03', 1.9, 'яйця гельмінтів/дм³'),
    (11, 2, '2025-01-03', 1.4, 'бали'),
    (12, 2, '2025-01-03', 0.70, 'мг/дм³'),
    (13, 2, '2025-01-03', 0.05, 'мг/дм³'),
    (14, 2, '2025-01-03', 0.12, 'мЗв/рік'),
    (15, 2, '2025-01-03', 10.0, 'індекс'),

    (9, 2, '2025-01-04', 32.0, 'КУО/дм³'),
    (10, 2, '2025-01-04', 2.2, 'яйця гельмінтів/дм³'),
    (11, 2, '2025-01-04', 1.5, 'бали'),
    (12, 2, '2025-01-04', 0.75, 'мг/дм³'),
    (13, 2, '2025-01-04', 0.055, 'мг/дм³'),
    (14, 2, '2025-01-04', 0.13, 'мЗв/рік'),
    (15, 2, '2025-01-04', 25.0, 'індекс'),

    (9, 2, '2025-01-05', 34.0, 'КУО/дм³'),
    (10, 2, '2025-01-05', 2.1, 'яйця гельмінтів/дм³'),
    (11, 2, '2025-01-05', 1.7, 'бали'),
    (12, 2, '2025-01-05', 0.80, 'мг/дм³'),
    (13, 2, '2025-01-05', 0.06, 'мг/дм³'),
    (14, 2, '2025-01-05', 0.14, 'мЗв/рік'),
    (15, 2, '2025-01-05', 24.0, 'індекс'),

    (9, 2, '2025-01-06', 15.0, 'КУО/дм³'),
    (10, 2, '2025-01-06', 2.3, 'яйця гельмінтів/дм³'),
    (11, 2, '2025-01-06', 1.8, 'бали'),
    (12, 2, '2025-01-06', 0.85, 'мг/дм³'),
    (13, 2, '2025-01-06', 0.065, 'мг/дм³'),
    (14, 2, '2025-01-06', 0.15, 'мЗв/рік'),
    (15, 2, '2025-01-06', 26.0, 'індекс'),


    (9, 2, '2025-01-07', 14.0, 'КУО/дм³'),
    (10, 2, '2025-01-07', 2.5, 'яйця гельмінтів/дм³'),
    (11, 2, '2025-01-07', 1.9, 'бали'),
    (12, 2, '2025-01-07', 0.90, 'мг/дм³'),
    (13, 2, '2025-01-07', 0.07, 'мг/дм³'),
    (14, 2, '2025-01-07', 0.16, 'мЗв/рік'),
    (15, 2, '2025-01-07', 15.0, 'індекс');

INSERT INTO component_measurement (component_id, factory_id, measurement_date, value, unit)
VALUES 
    -- Гумус (component_id = 16)
    (16, 3, '2025-01-01', 3.8, '%'),

    -- Рухомі сполуки фосфору (P2O5) (component_id = 17)
    (17, 3, '2025-01-01', 43.5, 'мг/кг'),

    -- Рухомі сполуки калію (K2O) (component_id = 18)
    (18, 3, '2025-01-01', 29.0, 'мг/кг'),

    -- Засоленість (component_id = 19)
    (19, 3, '2025-01-01', 0.75, '‰'),

    -- Солонцюватість (component_id = 20)
    (20, 3, '2025-01-01', 0.38, '‰'),

    -- Забруднення хімічними речовинами (component_id = 21)
    (21, 3, '2025-01-01', 2.3, 'мг/кг'),

    -- pH (component_id = 22)
    (22, 3, '2025-01-01', 6.7, 'pH'),

    -- Бал бонітету для складового ґрунту (component_id = 23)
    (23, 3, '2025-01-01', 82.0, 'бал'), 

    (16, 3, '2025-01-02', 3.9, '%'),
    (17, 3, '2025-01-02', 44.0, 'мг/кг'),
    (18, 3, '2025-01-02', 30.2, 'мг/кг'),
    (19, 3, '2025-01-02', 0.76, '‰'),
    (20, 3, '2025-01-02', 0.39, '‰'),
    (21, 3, '2025-01-02', 2.4, 'мг/кг'),
    (22, 3, '2025-01-02', 6.8, 'pH'),
    (23, 3, '2025-01-02', 83.0, 'бал'),

    (16, 3, '2025-01-03', 4.0, '%'),
    (17, 3, '2025-01-03', 44.8, 'мг/кг'),
    (18, 3, '2025-01-03', 31.0, 'мг/кг'),
    (19, 3, '2025-01-03', 0.78, '‰'),
    (20, 3, '2025-01-03', 0.40, '‰'),
    (21, 3, '2025-01-03', 2.5, 'мг/кг'),
    (22, 3, '2025-01-03', 6.9, 'pH'),
    (23, 3, '2025-01-03', 84.0, 'бал'),

    (16, 3, '2025-01-04', 4.1, '%'),
    (17, 3, '2025-01-04', 45.5, 'мг/кг'),
    (18, 3, '2025-01-04', 31.8, 'мг/кг'),
    (19, 3, '2025-01-04', 0.80, '‰'),
    (20, 3, '2025-01-04', 0.42, '‰'),
    (21, 3, '2025-01-04', 2.6, 'мг/кг'),
    (22, 3, '2025-01-04', 7.0, 'pH'),
    (23, 3, '2025-01-04', 85.0, 'бал'),

    (16, 3, '2025-01-05', 4.2, '%'),
    (17, 3, '2025-01-05', 46.0, 'мг/кг'),
    (18, 3, '2025-01-05', 32.5, 'мг/кг'),
    (19, 3, '2025-01-05', 0.82, '‰'),
    (20, 3, '2025-01-05', 0.43, '‰'),
    (21, 3, '2025-01-05', 2.7, 'мг/кг'),
    (22, 3, '2025-01-05', 7.1, 'pH'),
    (23, 3, '2025-01-05', 86.0, 'бал'),

    (16, 3, '2025-01-06', 4.3, '%'),
    (17, 3, '2025-01-06', 46.5, 'мг/кг'),
    (18, 3, '2025-01-06', 33.0, 'мг/кг'),
    (19, 3, '2025-01-06', 0.85, '‰'),
    (20, 3, '2025-01-06', 0.44, '‰'),
    (21, 3, '2025-01-06', 2.8, 'мг/кг'),
    (22, 3, '2025-01-06', 7.2, 'pH'),
    (23, 3, '2025-01-06', 87.0, 'бал'),

    (16, 3, '2025-01-07', 4.4, '%'),
    (17, 3, '2025-01-07', 47.0, 'мг/кг'),
    (18, 3, '2025-01-07', 34.0, 'мг/кг'),
    (19, 3, '2025-01-07', 0.88, '‰'),
    (20, 3, '2025-01-07', 0.45, '‰'),
    (21, 3, '2025-01-07', 2.9, 'мг/кг'),
    (22, 3, '2025-01-07', 7.3, 'pH'),
    (23, 3, '2025-01-07', 88.0, 'бал');

INSERT INTO component_measurement (component_id, factory_id, measurement_date, value, unit)
VALUES 
    -- Показники епідемічної безпеки (мікробіологічні) (component_id = 9)
    (9, 4, '2025-01-01', 18.0, 'КУО/дм³'),

    -- Показники епідемічної безпеки (паразитарні) (component_id = 10)
    (10, 4, '2025-01-01', 2.4, 'яйця гельмінтів/дм³'),

    -- Санітарно-хімічні (органолептичні) (component_id = 11)
    (11, 4, '2025-01-01', 1.9, 'бали'),

    -- Санітарно-хімічні (фізико-хімічні) (component_id = 12)
    (12, 4, '2025-01-01', 0.68, 'мг/дм³'),

    -- Санітарно-хімічні (санітарно-токсикологічні) (component_id = 13)
    (13, 4, '2025-01-01', 0.05, 'мг/дм³'),

    -- Радіаційні показники (component_id = 14)
    (14, 4, '2025-01-01', 0.13, 'мЗв/рік'),

    -- Індекс забрудненості води (component_id = 15)
    (15, 4, '2025-01-01', 84.5, 'індекс'), 

    (9, 4, '2025-01-02', 20.0, 'КУО/дм³'),
    (10, 4, '2025-01-02', 2.5, 'яйця гельмінтів/дм³'),
    (11, 4, '2025-01-02', 2.0, 'бали'),
    (12, 4, '2025-01-02', 0.70, 'мг/дм³'),
    (13, 4, '2025-01-02', 0.052, 'мг/дм³'),
    (14, 4, '2025-01-02', 0.14, 'мЗв/рік'),
    (15, 4, '2025-01-02', 85.0, 'індекс'),

    (9, 4, '2025-01-03', 15.0, 'КУО/дм³'),
    (10, 4, '2025-01-03', 2.6, 'яйця гельмінтів/дм³'),
    (11, 4, '2025-01-03', 2.1, 'бали'),
    (12, 4, '2025-01-03', 0.72, 'мг/дм³'),
    (13, 4, '2025-01-03', 0.054, 'мг/дм³'),
    (14, 4, '2025-01-03', 0.15, 'мЗв/рік'),
    (15, 4, '2025-01-03', 86.0, 'індекс'),

    (9, 4, '2025-01-04', 20.0, 'КУО/дм³'),
    (10, 4, '2025-01-04', 2.7, 'яйця гельмінтів/дм³'),
    (11, 4, '2025-01-04', 2.2, 'бали'),
    (12, 4, '2025-01-04', 0.74, 'мг/дм³'),
    (13, 4, '2025-01-04', 0.056, 'мг/дм³'),
    (14, 4, '2025-01-04', 0.16, 'мЗв/рік'),
    (15, 4, '2025-01-04', 87.5, 'індекс'),

    (9, 4, '2025-01-05', 21.0, 'КУО/дм³'),
    (10, 4, '2025-01-05', 2.8, 'яйця гельмінтів/дм³'),
    (11, 4, '2025-01-05', 2.3, 'бали'),
    (12, 4, '2025-01-05', 0.76, 'мг/дм³'),
    (13, 4, '2025-01-05', 0.058, 'мг/дм³'),
    (14, 4, '2025-01-05', 0.17, 'мЗв/рік'),
    (15, 4, '2025-01-05', 88.0, 'індекс'),

    (9, 4, '2025-01-06', 30.0, 'КУО/дм³'),
    (10, 4, '2025-01-06', 2.9, 'яйця гельмінтів/дм³'),
    (11, 4, '2025-01-06', 2.4, 'бали'),
    (12, 4, '2025-01-06', 0.78, 'мг/дм³'),
    (13, 4, '2025-01-06', 0.060, 'мг/дм³'),
    (14, 4, '2025-01-06', 0.18, 'мЗв/рік'),
    (15, 4, '2025-01-06', 89.0, 'індекс'),

    (9, 4, '2025-01-07', 15.0, 'КУО/дм³'),
    (10, 4, '2025-01-07', 3.0, 'яйця гельмінтів/дм³'),
    (11, 4, '2025-01-07', 2.5, 'бали'),
    (12, 4, '2025-01-07', 0.80, 'мг/дм³'),
    (13, 4, '2025-01-07', 0.062, 'мг/дм³'),
    (14, 4, '2025-01-07', 0.19, 'мЗв/рік'),
    (15, 4, '2025-01-07', 90.0, 'індекс');

INSERT INTO component_measurement (component_id, factory_id, measurement_date, value, unit)
VALUES 
    -- Рівень радіації (component_id = 24)
    (24, 4, '2025-01-01', 0.16, 'мЗв/рік'),

    -- Placeholder (component_id = 25)
    (25, 4, '2025-01-01', 0.3, 'умовна одиниця'), 

    (24, 4, '2025-01-02', 0.2, 'мЗв/рік'),
    (25, 4, '2025-01-02', 0.1, 'умовна одиниця'),

    (24, 4, '2025-01-03', 0.3, 'мЗв/рік'),
    (25, 4, '2025-01-03', 0.3, 'умовна одиниця'),

    (24, 4, '2025-01-04', 0.3, 'мЗв/рік'),
    (25, 4, '2025-01-04', 0.3, 'умовна одиниця'),

    (24, 4, '2025-01-05', 0.3, 'мЗв/рік'),
    (25, 4, '2025-01-05', 0.3, 'умовна одиниця'),

    (24, 4, '2025-01-06', 0.3, 'мЗв/рік'),
    (25, 4, '2025-01-06', 0.3, 'умовна одиниця'),

    (24, 4, '2025-01-07', 0.3, 'мЗв/рік'),
    (25, 4, '2025-01-07', 0.3, 'умовна одиниця');

INSERT INTO component_measurement (component_id, factory_id, measurement_date, value, unit)
VALUES 
    -- Валовий внутрішній продукт (component_id = 30)
    (30, 5, '2025-01-01', 265000.0, 'млн грн'),

    -- Вантажообіг (component_id = 31)
    (31, 5, '2025-01-01', 5300.0, 'тис. тонн'),

    -- Пасажирообіг (component_id = 32)
    (32, 5, '2025-01-01', 12900.0, 'тис. пасажирів'),

    -- Експорт товарів та послуг (component_id = 33)
    (33, 5, '2025-01-01', 78000.0, 'млн грн'),

    -- Імпорт товарів та послуг (component_id = 34)
    (34, 5, '2025-01-01', 68000.0, 'млн грн'),

    -- Заробітна плата (component_id = 35)
    (35, 5, '2025-01-01', 16000.0, 'грн'),

    -- Індекс промислової продукції (component_id = 36)
    (36, 5, '2025-01-01', 109.0, 'індекс'),

    -- Індекс обсягу сільськогосподарського виробництва (component_id = 37)
    (37, 5, '2025-01-01', 104.5, 'індекс'),

    -- Індекс будівельної продукції (component_id = 38)
    (38, 5, '2025-01-01', 99.5, 'індекс'),

    -- Індекс споживчих цін (component_id = 39)
    (39, 5, '2025-01-01', 102.8, 'індекс'),

    -- Індекс цін виробників промислової продукції (component_id = 40)
    (40, 5, '2025-01-01', 105.0, 'індекс'), 

    (30, 5, '2025-01-02', 266500.0, 'млн грн'),
    (31, 5, '2025-01-02', 5320.0, 'тис. тонн'),
    (32, 5, '2025-01-02', 13050.0, 'тис. пасажирів'),
    (33, 5, '2025-01-02', 78500.0, 'млн грн'),
    (34, 5, '2025-01-02', 68500.0, 'млн грн'),
    (35, 5, '2025-01-02', 16100.0, 'грн'),
    (36, 5, '2025-01-02', 109.5, 'індекс'),
    (37, 5, '2025-01-02', 105.0, 'індекс'),
    (38, 5, '2025-01-02', 99.8, 'індекс'),
    (39, 5, '2025-01-02', 103.0, 'індекс'),
    (40, 5, '2025-01-02', 105.3, 'індекс'),

    (30, 5, '2025-01-03', 268000.0, 'млн грн'),
    (31, 5, '2025-01-03', 5340.0, 'тис. тонн'),
    (32, 5, '2025-01-03', 13200.0, 'тис. пасажирів'),
    (33, 5, '2025-01-03', 79000.0, 'млн грн'),
    (34, 5, '2025-01-03', 69000.0, 'млн грн'),
    (35, 5, '2025-01-03', 16200.0, 'грн'),
    (36, 5, '2025-01-03', 110.0, 'індекс'),
    (37, 5, '2025-01-03', 105.5, 'індекс'),
    (38, 5, '2025-01-03', 100.0, 'індекс'),
    (39, 5, '2025-01-03', 103.2, 'індекс'),
    (40, 5, '2025-01-03', 105.5, 'індекс'),

    (30, 5, '2025-01-04', 270000.0, 'млн грн'),
    (31, 5, '2025-01-04', 5370.0, 'тис. тонн'),
    (32, 5, '2025-01-04', 13350.0, 'тис. пасажирів'),
    (33, 5, '2025-01-04', 79500.0, 'млн грн'),
    (34, 5, '2025-01-04', 69500.0, 'млн грн'),
    (35, 5, '2025-01-04', 16300.0, 'грн'),
    (36, 5, '2025-01-04', 110.5, 'індекс'),
    (37, 5, '2025-01-04', 106.0, 'індекс'),
    (38, 5, '2025-01-04', 100.2, 'індекс'),
    (39, 5, '2025-01-04', 103.5, 'індекс'),
    (40, 5, '2025-01-04', 106.0, 'індекс'),

    (30, 5, '2025-01-05', 272500.0, 'млн грн'),
    (31, 5, '2025-01-05', 5400.0, 'тис. тонн'),
    (32, 5, '2025-01-05', 13500.0, 'тис. пасажирів'),
    (33, 5, '2025-01-05', 80000.0, 'млн грн'),
    (34, 5, '2025-01-05', 70000.0, 'млн грн'),
    (35, 5, '2025-01-05', 16400.0, 'грн'),
    (36, 5, '2025-01-05', 111.0, 'індекс'),
    (37, 5, '2025-01-05', 106.5, 'індекс'),
    (38, 5, '2025-01-05', 100.5, 'індекс'),
    (39, 5, '2025-01-05', 103.8, 'індекс'),
    (40, 5, '2025-01-05', 106.3, 'індекс'),

    (30, 5, '2025-01-06', 275000.0, 'млн грн'),
    (31, 5, '2025-01-06', 5430.0, 'тис. тонн'),
    (32, 5, '2025-01-06', 13650.0, 'тис. пасажирів'),
    (33, 5, '2025-01-06', 80500.0, 'млн грн'),
    (34, 5, '2025-01-06', 70500.0, 'млн грн'),
    (35, 5, '2025-01-06', 16500.0, 'грн'),
    (36, 5, '2025-01-06', 111.5, 'індекс'),
    (37, 5, '2025-01-06', 107.0, 'індекс'),
    (38, 5, '2025-01-06', 100.8, 'індекс'),
    (39, 5, '2025-01-06', 104.0, 'індекс'),
    (40, 5, '2025-01-06', 106.5, 'індекс'),

    (30, 5, '2025-01-07', 278000.0, 'млн грн'),
    (31, 5, '2025-01-07', 5470.0, 'тис. тонн'),
    (32, 5, '2025-01-07', 13800.0, 'тис. пасажирів'),
    (33, 5, '2025-01-07', 81000.0, 'млн грн'),
    (34, 5, '2025-01-07', 71000.0, 'млн грн'),
    (35, 5, '2025-01-07', 16600.0, 'грн'),
    (36, 5, '2025-01-07', 112.0, 'індекс'),
    (37, 5, '2025-01-07', 107.5, 'індекс'),
    (38, 5, '2025-01-07', 101.0, 'індекс'),
    (39, 5, '2025-01-07', 104.2, 'індекс'),
    (40, 5, '2025-01-07', 106.8, 'індекс');

INSERT INTO component_measurement (component_id, factory_id, measurement_date, value, unit)
VALUES 
    -- Медико-демографічні показники (component_id = 41)
    (41, 5, '2025-01-01', 255.0, 'осіб/1000 населення'),

    -- Показники захворюваності та поширення хвороб (хворобливість) (component_id = 42)
    (42, 5, '2025-01-01', 1550.0, 'випадків/1000 населення'),

    -- Інвалідності та інвалідизації (component_id = 43)
    (43, 5, '2025-01-01', 120.0, 'осіб/1000 населення'),

    -- Фізичного розвитку населення (component_id = 44)
    (44, 5, '2025-01-01', 84.8, 'індекс'),

    -- Ризики захворювання (component_id = 45)
    (45, 5, '2025-01-01', 0.16, 'коефіцієнт'),

    -- Прогноз захворювання (component_id = 46)
    (46, 5, '2025-01-01', 1175.0, 'випадків на рік'),

    -- Прогноз тривалості життя (component_id = 47)
    (47, 5, '2025-01-01', 77.0, 'років'), 

    (41, 5, '2025-01-02', 256.0, 'осіб/1000 населення'),
    (42, 5, '2025-01-02', 1560.0, 'випадків/1000 населення'),
    (43, 5, '2025-01-02', 121.0, 'осіб/1000 населення'),
    (44, 5, '2025-01-02', 85.0, 'індекс'),
    (45, 5, '2025-01-02', 0.165, 'коефіцієнт'),
    (46, 5, '2025-01-02', 1180.0, 'випадків на рік'),
    (47, 5, '2025-01-02', 77.1, 'років'),

    (41, 5, '2025-01-03', 257.5, 'осіб/1000 населення'),
    (42, 5, '2025-01-03', 1575.0, 'випадків/1000 населення'),
    (43, 5, '2025-01-03', 122.5, 'осіб/1000 населення'),
    (44, 5, '2025-01-03', 85.3, 'індекс'),
    (45, 5, '2025-01-03', 0.168, 'коефіцієнт'),
    (46, 5, '2025-01-03', 1188.0, 'випадків на рік'),
    (47, 5, '2025-01-03', 77.2, 'років'),

    (41, 5, '2025-01-04', 258.0, 'осіб/1000 населення'),
    (42, 5, '2025-01-04', 1580.0, 'випадків/1000 населення'),
    (43, 5, '2025-01-04', 123.0, 'осіб/1000 населення'),
    (44, 5, '2025-01-04', 85.5, 'індекс'),
    (45, 5, '2025-01-04', 0.170, 'коефіцієнт'),
    (46, 5, '2025-01-04', 1195.0, 'випадків на рік'),
    (47, 5, '2025-01-04', 77.3, 'років'),

    (41, 5, '2025-01-05', 259.2, 'осіб/1000 населення'),
    (42, 5, '2025-01-05', 1592.0, 'випадків/1000 населення'),
    (43, 5, '2025-01-05', 124.5, 'осіб/1000 населення'),
    (44, 5, '2025-01-05', 85.7, 'індекс'),
    (45, 5, '2025-01-05', 0.172, 'коефіцієнт'),
    (46, 5, '2025-01-05', 1200.0, 'випадків на рік'),
    (47, 5, '2025-01-05', 77.4, 'років'),

    (41, 5, '2025-01-06', 260.5, 'осіб/1000 населення'),
    (42, 5, '2025-01-06', 1605.0, 'випадків/1000 населення'),
    (43, 5, '2025-01-06', 126.0, 'осіб/1000 населення'),
    (44, 5, '2025-01-06', 85.9, 'індекс'),
    (45, 5, '2025-01-06', 0.174, 'коефіцієнт'),
    (46, 5, '2025-01-06', 1208.0, 'випадків на рік'),
    (47, 5, '2025-01-06', 77.5, 'років'),

    (41, 5, '2025-01-07', 262.0, 'осіб/1000 населення'),
    (42, 5, '2025-01-07', 1620.0, 'випадків/1000 населення'),
    (43, 5, '2025-01-07', 127.5, 'осіб/1000 населення'),
    (44, 5, '2025-01-07', 86.2, 'індекс'),
    (45, 5, '2025-01-07', 0.176, 'коефіцієнт'),
    (46, 5, '2025-01-07', 1215.0, 'випадків на рік'),
    (47, 5, '2025-01-07', 77.6, 'років');


INSERT INTO component_measurement (component_id, factory_id, measurement_date, value, unit)
VALUES 
    -- Медико-демографічні показники (component_id = 41)
    (41, 6, '2025-01-01', 260.0, 'осіб/1000 населення'),

    -- Показники захворюваності та поширення хвороб (хворобливість) (component_id = 42)
    (42, 6, '2025-01-01', 1580.0, 'випадків/1000 населення'),

    -- Інвалідності та інвалідизації (component_id = 43)
    (43, 6, '2025-01-01', 125.0, 'осіб/1000 населення'),

    -- Фізичного розвитку населення (component_id = 44)
    (44, 6, '2025-01-01', 85.5, 'індекс'),

    -- Ризики захворювання (component_id = 45)
    (45, 6, '2025-01-01', 0.19, 'коефіцієнт'),

    -- Прогноз захворювання (component_id = 46)
    (46, 6, '2025-01-01', 1260.0, 'випадків на рік'),

    -- Прогноз тривалості життя (component_id = 47)
    (47, 6, '2025-01-01', 77.5, 'років'), 

    (41, 6, '2025-01-02', 261.0, 'осіб/1000 населення'),
    (42, 6, '2025-01-02', 1590.0, 'випадків/1000 населення'),
    (43, 6, '2025-01-02', 126.0, 'осіб/1000 населення'),
    (44, 6, '2025-01-02', 85.7, 'індекс'),
    (45, 6, '2025-01-02', 0.192, 'коефіцієнт'),
    (46, 6, '2025-01-02', 1270.0, 'випадків на рік'),
    (47, 6, '2025-01-02', 77.6, 'років'),

    (41, 6, '2025-01-03', 262.5, 'осіб/1000 населення'),
    (42, 6, '2025-01-03', 1605.0, 'випадків/1000 населення'),
    (43, 6, '2025-01-03', 127.5, 'осіб/1000 населення'),
    (44, 6, '2025-01-03', 86.0, 'індекс'),
    (45, 6, '2025-01-03', 0.194, 'коефіцієнт'),
    (46, 6, '2025-01-03', 1280.0, 'випадків на рік'),
    (47, 6, '2025-01-03', 77.7, 'років'),

    (41, 6, '2025-01-04', 264.0, 'осіб/1000 населення'),
    (42, 6, '2025-01-04', 1620.0, 'випадків/1000 населення'),
    (43, 6, '2025-01-04', 129.0, 'осіб/1000 населення'),
    (44, 6, '2025-01-04', 86.3, 'індекс'),
    (45, 6, '2025-01-04', 0.196, 'коефіцієнт'),
    (46, 6, '2025-01-04', 1292.0, 'випадків на рік'),
    (47, 6, '2025-01-04', 77.8, 'років'),

    (41, 6, '2025-01-05', 265.2, 'осіб/1000 населення'),
    (42, 6, '2025-01-05', 1635.0, 'випадків/1000 населення'),
    (43, 6, '2025-01-05', 130.5, 'осіб/1000 населення'),
    (44, 6, '2025-01-05', 86.5, 'індекс'),
    (45, 6, '2025-01-05', 0.198, 'коефіцієнт'),
    (46, 6, '2025-01-05', 1305.0, 'випадків на рік'),
    (47, 6, '2025-01-05', 78.0, 'років'),

    (41, 6, '2025-01-06', 266.5, 'осіб/1000 населення'),
    (42, 6, '2025-01-06', 1650.0, 'випадків/1000 населення'),
    (43, 6, '2025-01-06', 132.0, 'осіб/1000 населення'),
    (44, 6, '2025-01-06', 86.7, 'індекс'),
    (45, 6, '2025-01-06', 0.200, 'коефіцієнт'),
    (46, 6, '2025-01-06', 1318.0, 'випадків на рік'),
    (47, 6, '2025-01-06', 78.1, 'років'),

    (41, 6, '2025-01-07', 268.0, 'осіб/1000 населення'),
    (42, 6, '2025-01-07', 1665.0, 'випадків/1000 населення'),
    (43, 6, '2025-01-07', 133.5, 'осіб/1000 населення'),
    (44, 6, '2025-01-07', 87.0, 'індекс'),
    (45, 6, '2025-01-07', 0.202, 'коефіцієнт'),
    (46, 6, '2025-01-07', 1330.0, 'випадків на рік'),
    (47, 6, '2025-01-07', 78.2, 'років');

INSERT INTO component_measurement (component_id, factory_id, measurement_date, value, unit)
VALUES 
    -- Обсяги використання води (component_id = 48)
    (48, 6, '2025-01-01', 550.0, 'м³'),

    -- Обсяги використання електроенергії (component_id = 49)
    (49, 6, '2025-01-01', 13200.0, 'кВт·год'),

    -- Обсяги використання газу (component_id = 50)
    (50, 6, '2025-01-01', 1630.0, 'м³'),

    -- Обсяги використання теплової енергії за кожен місяць (component_id = 51)
    (51, 6, '2025-01-01', 225.0, 'Гкал'),

    -- Середні обсяги споживання за місяць та рік (component_id = 52)
    (52, 6, '2025-01-01', 810.0, 'кВт·год/міс'),

    -- Енергоефективність будівлі або виробництва (component_id = 53)
    (53, 6, '2025-01-01', 0.91, 'коефіцієнт'), 

    (48, 6, '2025-01-02', 560.0, 'м³'),
    (49, 6, '2025-01-02', 13300.0, 'кВт·год'),
    (50, 6, '2025-01-02', 1650.0, 'м³'),
    (51, 6, '2025-01-02', 230.0, 'Гкал'),
    (52, 6, '2025-01-02', 815.0, 'кВт·год/міс'),
    (53, 6, '2025-01-02', 0.92, 'коефіцієнт'),

    (48, 6, '2025-01-03', 570.0, 'м³'),
    (49, 6, '2025-01-03', 13400.0, 'кВт·год'),
    (50, 6, '2025-01-03', 1680.0, 'м³'),
    (51, 6, '2025-01-03', 235.0, 'Гкал'),
    (52, 6, '2025-01-03', 820.0, 'кВт·год/міс'),
    (53, 6, '2025-01-03', 0.93, 'коефіцієнт'),

    (48, 6, '2025-01-04', 580.0, 'м³'),
    (49, 6, '2025-01-04', 13550.0, 'кВт·год'),
    (50, 6, '2025-01-04', 1700.0, 'м³'),
    (51, 6, '2025-01-04', 240.0, 'Гкал'),
    (52, 6, '2025-01-04', 825.0, 'кВт·год/міс'),
    (53, 6, '2025-01-04', 0.94, 'коефіцієнт'),

    (48, 6, '2025-01-05', 590.0, 'м³'),
    (49, 6, '2025-01-05', 13680.0, 'кВт·год'),
    (50, 6, '2025-01-05', 1725.0, 'м³'),
    (51, 6, '2025-01-05', 245.0, 'Гкал'),
    (52, 6, '2025-01-05', 830.0, 'кВт·год/міс'),
    (53, 6, '2025-01-05', 0.95, 'коефіцієнт'),

    (48, 6, '2025-01-06', 600.0, 'м³'),
    (49, 6, '2025-01-06', 13800.0, 'кВт·год'),
    (50, 6, '2025-01-06', 1750.0, 'м³'),
    (51, 6, '2025-01-06', 250.0, 'Гкал'),
    (52, 6, '2025-01-06', 835.0, 'кВт·год/міс'),
    (53, 6, '2025-01-06', 0.96, 'коефіцієнт'),

    (48, 6, '2025-01-07', 610.0, 'м³'),
    (49, 6, '2025-01-07', 13950.0, 'кВт·год'),
    (50, 6, '2025-01-07', 1780.0, 'м³'),
    (51, 6, '2025-01-07', 255.0, 'Гкал'),
    (52, 6, '2025-01-07', 840.0, 'кВт·год/міс'),
    (53, 6, '2025-01-07', 0.97, 'коефіцієнт');

INSERT INTO component_measurement (component_id, factory_id, measurement_date, value, unit)
VALUES 
    -- Валовий внутрішній продукт (component_id = 30)
    (30, 7, '2025-01-01', 275000.0, 'млн грн'),

    -- Вантажообіг (component_id = 31)
    (31, 7, '2025-01-01', 5500.0, 'тис. тонн'),

    -- Пасажирообіг (component_id = 32)
    (32, 7, '2025-01-01', 13500.0, 'тис. пасажирів'),

    -- Експорт товарів та послуг (component_id = 33)
    (33, 7, '2025-01-01', 80000.0, 'млн грн'),

    -- Імпорт товарів та послуг (component_id = 34)
    (34, 7, '2025-01-01', 70000.0, 'млн грн'),

    -- Заробітна плата (component_id = 35)
    (35, 7, '2025-01-01', 16500.0, 'грн'),

    -- Індекс промислової продукції (component_id = 36)
    (36, 7, '2025-01-01', 112.0, 'індекс'),

    -- Індекс обсягу сільськогосподарського виробництва (component_id = 37)
    (37, 7, '2025-01-01', 106.5, 'індекс'),

    -- Індекс будівельної продукції (component_id = 38)
    (38, 7, '2025-01-01', 101.5, 'індекс'),

    -- Індекс споживчих цін (component_id = 39)
    (39, 7, '2025-01-01', 104.0, 'індекс'),

    -- Індекс цін виробників промислової продукції (component_id = 40)
    (40, 7, '2025-01-01', 108.0, 'індекс'), 

    (30, 7, '2025-01-02', 276500.0, 'млн грн'),
    (31, 7, '2025-01-02', 5530.0, 'тис. тонн'),
    (32, 7, '2025-01-02', 13650.0, 'тис. пасажирів'),
    (33, 7, '2025-01-02', 80500.0, 'млн грн'),
    (34, 7, '2025-01-02', 70500.0, 'млн грн'),
    (35, 7, '2025-01-02', 16600.0, 'грн'),
    (36, 7, '2025-01-02', 112.5, 'індекс'),
    (37, 7, '2025-01-02', 107.0, 'індекс'),
    (38, 7, '2025-01-02', 101.8, 'індекс'),
    (39, 7, '2025-01-02', 104.2, 'індекс'),
    (40, 7, '2025-01-02', 108.2, 'індекс'),

    (30, 7, '2025-01-03', 278000.0, 'млн грн'),
    (31, 7, '2025-01-03', 5560.0, 'тис. тонн'),
    (32, 7, '2025-01-03', 13800.0, 'тис. пасажирів'),
    (33, 7, '2025-01-03', 81000.0, 'млн грн'),
    (34, 7, '2025-01-03', 71000.0, 'млн грн'),
    (35, 7, '2025-01-03', 16700.0, 'грн'),
    (36, 7, '2025-01-03', 113.0, 'індекс'),
    (37, 7, '2025-01-03', 107.5, 'індекс'),
    (38, 7, '2025-01-03', 102.0, 'індекс'),
    (39, 7, '2025-01-03', 104.5, 'індекс'),
    (40, 7, '2025-01-03', 108.5, 'індекс'),

    (30, 7, '2025-01-04', 280000.0, 'млн грн'),
    (31, 7, '2025-01-04', 5590.0, 'тис. тонн'),
    (32, 7, '2025-01-04', 13950.0, 'тис. пасажирів'),
    (33, 7, '2025-01-04', 81500.0, 'млн грн'),
    (34, 7, '2025-01-04', 71500.0, 'млн грн'),
    (35, 7, '2025-01-04', 16800.0, 'грн'),
    (36, 7, '2025-01-04', 113.5, 'індекс'),
    (37, 7, '2025-01-04', 108.0, 'індекс'),
    (38, 7, '2025-01-04', 102.2, 'індекс'),
    (39, 7, '2025-01-04', 104.8, 'індекс'),
    (40, 7, '2025-01-04', 108.8, 'індекс'),

    (30, 7, '2025-01-05', 282500.0, 'млн грн'),
    (31, 7, '2025-01-05', 5630.0, 'тис. тонн'),
    (32, 7, '2025-01-05', 14100.0, 'тис. пасажирів'),
    (33, 7, '2025-01-05', 82000.0, 'млн грн'),
    (34, 7, '2025-01-05', 72000.0, 'млн грн'),
    (35, 7, '2025-01-05', 16900.0, 'грн'),
    (36, 7, '2025-01-05', 114.0, 'індекс'),
    (37, 7, '2025-01-05', 108.5, 'індекс'),
    (38, 7, '2025-01-05', 102.5, 'індекс'),
    (39, 7, '2025-01-05', 105.0, 'індекс'),
    (40, 7, '2025-01-05', 109.0, 'індекс'),

    (30, 7, '2025-01-06', 285000.0, 'млн грн'),
    (31, 7, '2025-01-06', 5670.0, 'тис. тонн'),
    (32, 7, '2025-01-06', 14250.0, 'тис. пасажирів'),
    (33, 7, '2025-01-06', 82500.0, 'млн грн'),
    (34, 7, '2025-01-06', 72500.0, 'млн грн'),
    (35, 7, '2025-01-06', 17000.0, 'грн'),
    (36, 7, '2025-01-06', 114.5, 'індекс'),
    (37, 7, '2025-01-06', 109.0, 'індекс'),
    (38, 7, '2025-01-06', 102.8, 'індекс'),
    (39, 7, '2025-01-06', 105.2, 'індекс'),
    (40, 7, '2025-01-06', 109.2, 'індекс'),

    (30, 7, '2025-01-07', 288000.0, 'млн грн'),
    (31, 7, '2025-01-07', 5720.0, 'тис. тонн'),
    (32, 7, '2025-01-07', 14400.0, 'тис. пасажирів'),
    (33, 7, '2025-01-07', 83000.0, 'млн грн'),
    (34, 7, '2025-01-07', 73000.0, 'млн грн'),
    (35, 7, '2025-01-07', 17100.0, 'грн'),
    (36, 7, '2025-01-07', 115.0, 'індекс'),
    (37, 7, '2025-01-07', 109.5, 'індекс'),
    (38, 7, '2025-01-07', 103.0, 'індекс'),
    (39, 7, '2025-01-07', 105.5, 'індекс'),
    (40, 7, '2025-01-07', 109.5, 'індекс');

INSERT INTO component_measurement (component_id, factory_id, measurement_date, value, unit)
VALUES 
    -- Обсяги використання води (component_id = 48)
    (48, 7, '2025-01-01', 560.0, 'м³'),

    -- Обсяги використання електроенергії (component_id = 49)
    (49, 7, '2025-01-01', 13400.0, 'кВт·год'),

    -- Обсяги використання газу (component_id = 50)
    (50, 7, '2025-01-01', 1650.0, 'м³'),

    -- Обсяги використання теплової енергії за кожен місяць (component_id = 51)
    (51, 7, '2025-01-01', 230.0, 'Гкал'),

    -- Середні обсяги споживання за місяць та рік (component_id = 52)
    (52, 7, '2025-01-01', 820.0, 'кВт·год/міс'),

    -- Енергоефективність будівлі або виробництва (component_id = 53)
    (53, 7, '2025-01-01', 0.92, 'коефіцієнт'), 

    (48, 7, '2025-01-02', 570.0, 'м³'),
    (49, 7, '2025-01-02', 13500.0, 'кВт·год'),
    (50, 7, '2025-01-02', 1675.0, 'м³'),
    (51, 7, '2025-01-02', 235.0, 'Гкал'),
    (52, 7, '2025-01-02', 825.0, 'кВт·год/міс'),
    (53, 7, '2025-01-02', 0.93, 'коефіцієнт'),

    (48, 7, '2025-01-03', 580.0, 'м³'),
    (49, 7, '2025-01-03', 13620.0, 'кВт·год'),
    (50, 7, '2025-01-03', 1700.0, 'м³'),
    (51, 7, '2025-01-03', 240.0, 'Гкал'),
    (52, 7, '2025-01-03', 830.0, 'кВт·год/міс'),
    (53, 7, '2025-01-03', 0.94, 'коефіцієнт'),

    (48, 7, '2025-01-04', 590.0, 'м³'),
    (49, 7, '2025-01-04', 13750.0, 'кВт·год'),
    (50, 7, '2025-01-04', 1725.0, 'м³'),
    (51, 7, '2025-01-04', 245.0, 'Гкал'),
    (52, 7, '2025-01-04', 835.0, 'кВт·год/міс'),
    (53, 7, '2025-01-04', 0.95, 'коефіцієнт'),

    (48, 7, '2025-01-05', 600.0, 'м³'),
    (49, 7, '2025-01-05', 13880.0, 'кВт·год'),
    (50, 7, '2025-01-05', 1750.0, 'м³'),
    (51, 7, '2025-01-05', 250.0, 'Гкал'),
    (52, 7, '2025-01-05', 840.0, 'кВт·год/міс'),
    (53, 7, '2025-01-05', 0.96, 'коефіцієнт'),

    (48, 7, '2025-01-06', 610.0, 'м³'),
    (49, 7, '2025-01-06', 14020.0, 'кВт·год'),
    (50, 7, '2025-01-06', 1775.0, 'м³'),
    (51, 7, '2025-01-06', 255.0, 'Гкал'),
    (52, 7, '2025-01-06', 845.0, 'кВт·год/міс'),
    (53, 7, '2025-01-06', 0.97, 'коефіцієнт'),

    (48, 7, '2025-01-07', 620.0, 'м³'),
    (49, 7, '2025-01-07', 14150.0, 'кВт·год'),
    (50, 7, '2025-01-07', 1800.0, 'м³'),
    (51, 7, '2025-01-07', 260.0, 'Гкал'),
    (52, 7, '2025-01-07', 850.0, 'кВт·год/міс'),
    (53, 7, '2025-01-07', 0.98, 'коефіцієнт');

    INSERT INTO component_measurement (component_id, factory_id, measurement_date, value, unit)
VALUES 
    -- Вміст пилу (component_id = 1)
    (1, 8, '2025-01-01', 12.8, 'мг/м³'),

    -- Двоокис азоту (NO2) (component_id = 2)
    (2, 8, '2025-01-01', 38.5, 'мг/м³'),

    -- Двоокис сірки (SO2) (component_id = 3)
    (3, 8, '2025-01-01', 21.2, 'мг/м³'),

    -- Оксид вуглецю (component_id = 4)
    (4, 8, '2025-01-01', 1.5, 'мг/м³'),

    -- Формальдегід (H2CO) (component_id = 5)
    (5, 8, '2025-01-01', 0.95, 'мг/м³'),

    -- Свинець (component_id = 6)
    (6, 8, '2025-01-01', 0.06, 'мг/м³'),

    -- Бенз(а)пірен (component_id = 7)
    (7, 8, '2025-01-01', 0.002, 'мг/м³'),

    -- Iндекс якості повітря (component_id = 8)
    (8, 8, '2025-01-01', 88.0, 'індекс'); 

    INSERT INTO component_measurement (component_id, factory_id, measurement_date, value, unit)
VALUES 
    -- 2025-01-02
    (1, 8, '2025-01-02', 13.2, 'мг/м³'),
    (2, 8, '2025-01-02', 39.0, 'мг/м³'),
    (3, 8, '2025-01-02', 21.5, 'мг/м³'),
    (4, 8, '2025-01-02', 1.6, 'мг/м³'),
    (5, 8, '2025-01-02', 1.00, 'мг/м³'),
    (6, 8, '2025-01-02', 0.065, 'мг/м³'),
    (7, 8, '2025-01-02', 0.0022, 'мг/м³'),
    (8, 8, '2025-01-02', 89.0, 'індекс'),

    -- 2025-01-03
    (1, 8, '2025-01-03', 13.8, 'мг/м³'),
    (2, 8, '2025-01-03', 39.5, 'мг/м³'),
    (3, 8, '2025-01-03', 22.0, 'мг/м³'),
    (4, 8, '2025-01-03', 1.7, 'мг/м³'),
    (5, 8, '2025-01-03', 1.05, 'мг/м³'),
    (6, 8, '2025-01-03', 0.07, 'мг/м³'),
    (7, 8, '2025-01-03', 0.0024, 'мг/м³'),
    (8, 8, '2025-01-03', 90.0, 'індекс'),

    -- 2025-01-04
    (1, 8, '2025-01-04', 14.0, 'мг/м³'),
    (2, 8, '2025-01-04', 40.0, 'мг/м³'),
    (3, 8, '2025-01-04', 22.5, 'мг/м³'),
    (4, 8, '2025-01-04', 1.8, 'мг/м³'),
    (5, 8, '2025-01-04', 1.10, 'мг/м³'),
    (6, 8, '2025-01-04', 0.075, 'мг/м³'),
    (7, 8, '2025-01-04', 0.0026, 'мг/м³'),
    (8, 8, '2025-01-04', 91.0, 'індекс'),

    -- 2025-01-05
    (1, 8, '2025-01-05', 14.5, 'мг/м³'),
    (2, 8, '2025-01-05', 40.5, 'мг/м³'),
    (3, 8, '2025-01-05', 23.0, 'мг/м³'),
    (4, 8, '2025-01-05', 1.9, 'мг/м³'),
    (5, 8, '2025-01-05', 1.15, 'мг/м³'),
    (6, 8, '2025-01-05', 0.08, 'мг/м³'),
    (7, 8, '2025-01-05', 0.0028, 'мг/м³'),
    (8, 8, '2025-01-05', 92.0, 'індекс'),

    -- 2025-01-06
    (1, 8, '2025-01-06', 15.0, 'мг/м³'),
    (2, 8, '2025-01-06', 41.0, 'мг/м³'),
    (3, 8, '2025-01-06', 23.5, 'мг/м³'),
    (4, 8, '2025-01-06', 2.0, 'мг/м³'),
    (5, 8, '2025-01-06', 1.20, 'мг/м³'),
    (6, 8, '2025-01-06', 0.085, 'мг/м³'),
    (7, 8, '2025-01-06', 0.0030, 'мг/м³'),
    (8, 8, '2025-01-06', 93.0, 'індекс'),

    -- 2025-01-07
    (1, 8, '2025-01-07', 15.5, 'мг/м³'),
    (2, 8, '2025-01-07', 41.5, 'мг/м³'),
    (3, 8, '2025-01-07', 24.0, 'мг/м³'),
    (4, 8, '2025-01-07', 2.1, 'мг/м³'),
    (5, 8, '2025-01-07', 1.25, 'мг/м³'),
    (6, 8, '2025-01-07', 0.09, 'мг/м³'),
    (7, 8, '2025-01-07', 0.0032, 'мг/м³'),
    (8, 8, '2025-01-07', 94.0, 'індекс');


INSERT INTO component_measurement (component_id, factory_id, measurement_date, value, unit)
VALUES 
    -- Гумус (component_id = 16)
    (16, 8, '2025-01-01', 4.5, '%'),

    -- Рухомі сполуки фосфору (P2O5) (component_id = 17)
    (17, 8, '2025-01-01', 49.0, 'мг/кг'),

    -- Рухомі сполуки калію (K2O) (component_id = 18)
    (18, 8, '2025-01-01', 34.5, 'мг/кг'),

    -- Засоленість (component_id = 19)
    (19, 8, '2025-01-01', 0.85, '‰'),

    -- Солонцюватість (component_id = 20)
    (20, 8, '2025-01-01', 0.42, '‰'),

    -- Забруднення хімічними речовинами (component_id = 21)
    (21, 8, '2025-01-01', 3.2, 'мг/кг'),

    -- pH (component_id = 22)
    (22, 8, '2025-01-01', 6.2, 'pH'),

    -- Бал бонітету для складового ґрунту (component_id = 23)
    (23, 8, '2025-01-01', 76.5, 'бал'); 

    INSERT INTO component_measurement (component_id, factory_id, measurement_date, value, unit)
VALUES 
    -- 2025-01-02
    (16, 8, '2025-01-02', 4.6, '%'),
    (17, 8, '2025-01-02', 50.0, 'мг/кг'),
    (18, 8, '2025-01-02', 35.0, 'мг/кг'),
    (19, 8, '2025-01-02', 0.86, '‰'),
    (20, 8, '2025-01-02', 0.43, '‰'),
    (21, 8, '2025-01-02', 3.3, 'мг/кг'),
    (22, 8, '2025-01-02', 6.3, 'pH'),
    (23, 8, '2025-01-02', 77.0, 'бал'),

    -- 2025-01-03
    (16, 8, '2025-01-03', 4.7, '%'),
    (17, 8, '2025-01-03', 51.2, 'мг/кг'),
    (18, 8, '2025-01-03', 36.0, 'мг/кг'),
    (19, 8, '2025-01-03', 0.87, '‰'),
    (20, 8, '2025-01-03', 0.44, '‰'),
    (21, 8, '2025-01-03', 3.4, 'мг/кг'),
    (22, 8, '2025-01-03', 6.4, 'pH'),
    (23, 8, '2025-01-03', 77.5, 'бал'),

    -- 2025-01-04
    (16, 8, '2025-01-04', 4.8, '%'),
    (17, 8, '2025-01-04', 52.5, 'мг/кг'),
    (18, 8, '2025-01-04', 37.0, 'мг/кг'),
    (19, 8, '2025-01-04', 0.88, '‰'),
    (20, 8, '2025-01-04', 0.45, '‰'),
    (21, 8, '2025-01-04', 3.5, 'мг/кг'),
    (22, 8, '2025-01-04', 6.5, 'pH'),
    (23, 8, '2025-01-04', 78.0, 'бал'),

    -- 2025-01-05
    (16, 8, '2025-01-05', 4.9, '%'),
    (17, 8, '2025-01-05', 53.0, 'мг/кг'),
    (18, 8, '2025-01-05', 38.0, 'мг/кг'),
    (19, 8, '2025-01-05', 0.89, '‰'),
    (20, 8, '2025-01-05', 0.46, '‰'),
    (21, 8, '2025-01-05', 3.6, 'мг/кг'),
    (22, 8, '2025-01-05', 6.6, 'pH'),
    (23, 8, '2025-01-05', 78.5, 'бал'),

    -- 2025-01-06
    (16, 8, '2025-01-06', 5.0, '%'),
    (17, 8, '2025-01-06', 54.0, 'мг/кг'),
    (18, 8, '2025-01-06', 39.0, 'мг/кг'),
    (19, 8, '2025-01-06', 0.90, '‰'),
    (20, 8, '2025-01-06', 0.47, '‰'),
    (21, 8, '2025-01-06', 3.7, 'мг/кг'),
    (22, 8, '2025-01-06', 6.7, 'pH'),
    (23, 8, '2025-01-06', 79.0, 'бал'),

    -- 2025-01-07
    (16, 8, '2025-01-07', 5.1, '%'),
    (17, 8, '2025-01-07', 55.0, 'мг/кг'),
    (18, 8, '2025-01-07', 40.0, 'мг/кг'),
    (19, 8, '2025-01-07', 0.92, '‰'),
    (20, 8, '2025-01-07', 0.48, '‰'),
    (21, 8, '2025-01-07', 3.8, 'мг/кг'),
    (22, 8, '2025-01-07', 6.8, 'pH'),
    (23, 8, '2025-01-07', 79.5, 'бал');

INSERT INTO component_measurement (component_id, factory_id, measurement_date, value, unit)
VALUES 
    -- Медико-демографічні показники (component_id = 41)
    (41, 8, '2025-01-01', 270.0, 'осіб/1000 населення'),

    -- Показники захворюваності та поширення хвороб (хворобливість) (component_id = 42)
    (42, 8, '2025-01-01', 1650.0, 'випадків/1000 населення'),

    -- Інвалідності та інвалідизації (component_id = 43)
    (43, 8, '2025-01-01', 130.0, 'осіб/1000 населення'),

    -- Фізичного розвитку населення (component_id = 44)
    (44, 8, '2025-01-01', 87.0, 'індекс'),

    -- Ризики захворювання (component_id = 45)
    (45, 8, '2025-01-01', 0.21, 'коефіцієнт'),

    -- Прогноз захворювання (component_id = 46)
    (46, 8, '2025-01-01', 1300.0, 'випадків на рік'),

    -- Прогноз тривалості життя (component_id = 47)
    (47, 8, '2025-01-01', 79.0, 'років'); 

    INSERT INTO component_measurement (component_id, factory_id, measurement_date, value, unit)
VALUES 
    -- 2025-01-02
    (41, 8, '2025-01-02', 271.5, 'осіб/1000 населення'),
    (42, 8, '2025-01-02', 1665.0, 'випадків/1000 населення'),
    (43, 8, '2025-01-02', 131.5, 'осіб/1000 населення'),
    (44, 8, '2025-01-02', 87.3, 'індекс'),
    (45, 8, '2025-01-02', 0.215, 'коефіцієнт'),
    (46, 8, '2025-01-02', 1312.0, 'випадків на рік'),
    (47, 8, '2025-01-02', 79.1, 'років'),

    -- 2025-01-03
    (41, 8, '2025-01-03', 273.0, 'осіб/1000 населення'),
    (42, 8, '2025-01-03', 1680.0, 'випадків/1000 населення'),
    (43, 8, '2025-01-03', 133.0, 'осіб/1000 населення'),
    (44, 8, '2025-01-03', 87.5, 'індекс'),
    (45, 8, '2025-01-03', 0.220, 'коефіцієнт'),
    (46, 8, '2025-01-03', 1325.0, 'випадків на рік'),
    (47, 8, '2025-01-03', 79.2, 'років'),

    -- 2025-01-04
    (41, 8, '2025-01-04', 274.5, 'осіб/1000 населення'),
    (42, 8, '2025-01-04', 1695.0, 'випадків/1000 населення'),
    (43, 8, '2025-01-04', 134.5, 'осіб/1000 населення'),
    (44, 8, '2025-01-04', 87.8, 'індекс'),
    (45, 8, '2025-01-04', 0.225, 'коефіцієнт'),
    (46, 8, '2025-01-04', 1338.0, 'випадків на рік'),
    (47, 8, '2025-01-04', 79.3, 'років'),

    -- 2025-01-05
    (41, 8, '2025-01-05', 276.0, 'осіб/1000 населення'),
    (42, 8, '2025-01-05', 1710.0, 'випадків/1000 населення'),
    (43, 8, '2025-01-05', 136.0, 'осіб/1000 населення'),
    (44, 8, '2025-01-05', 88.0, 'індекс'),
    (45, 8, '2025-01-05', 0.230, 'коефіцієнт'),
    (46, 8, '2025-01-05', 1350.0, 'випадків на рік'),
    (47, 8, '2025-01-05', 79.4, 'років'),

    -- 2025-01-06
    (41, 8, '2025-01-06', 277.5, 'осіб/1000 населення'),
    (42, 8, '2025-01-06', 1725.0, 'випадків/1000 населення'),
    (43, 8, '2025-01-06', 137.5, 'осіб/1000 населення'),
    (44, 8, '2025-01-06', 88.2, 'індекс'),
    (45, 8, '2025-01-06', 0.235, 'коефіцієнт'),
    (46, 8, '2025-01-06', 1362.0, 'випадків на рік'),
    (47, 8, '2025-01-06', 79.5, 'років'),

    -- 2025-01-07
    (41, 8, '2025-01-07', 279.0, 'осіб/1000 населення'),
    (42, 8, '2025-01-07', 1740.0, 'випадків/1000 населення'),
    (43, 8, '2025-01-07', 139.0, 'осіб/1000 населення'),
    (44, 8, '2025-01-07', 88.5, 'індекс'),
    (45, 8, '2025-01-07', 0.240, 'коефіцієнт'),
    (46, 8, '2025-01-07', 1375.0, 'випадків на рік'),
    (47, 8, '2025-01-07', 79.6, 'років');

INSERT INTO component_measurement (component_id, factory_id, measurement_date, value, unit)
VALUES 
    -- Показники епідемічної безпеки (мікробіологічні) (component_id = 9)
    (9, 9, '2025-01-01', 15.0, 'КУО/дм³'),

    -- Показники епідемічної безпеки (паразитарні) (component_id = 10)
    (10, 9, '2025-01-01', 3.0, 'яйця гельмінтів/дм³'),

    -- Санітарно-хімічні (органолептичні) (component_id = 11)
    (11, 9, '2025-01-01', 1.9, 'бали'),

    -- Санітарно-хімічні (фізико-хімічні) (component_id = 12)
    (12, 9, '2025-01-01', 0.8, 'мг/дм³'),

    -- Санітарно-хімічні (санітарно-токсикологічні) (component_id = 13)
    (13, 9, '2025-01-01', 0.07, 'мг/дм³'),

    -- Радіаційні показники (component_id = 14)
    (14, 9, '2025-01-01', 0.16, 'мЗв/рік'),

    -- Індекс забрудненості води (component_id = 15)
    (15, 9, '2025-01-01', 15.0, 'індекс'); 

    INSERT INTO component_measurement (component_id, factory_id, measurement_date, value, unit)
VALUES 
    -- 2025-01-02
    (9, 9, '2025-01-02', 5.0, 'КУО/дм³'),
    (10, 9, '2025-01-02', 3.1, 'яйця гельмінтів/дм³'),
    (11, 9, '2025-01-02', 2.0, 'бали'),
    (12, 9, '2025-01-02', 0.82, 'мг/дм³'),
    (13, 9, '2025-01-02', 0.072, 'мг/дм³'),
    (14, 9, '2025-01-02', 0.165, 'мЗв/рік'),
    (15, 9, '2025-01-02', 10.0, 'індекс'),

    -- 2025-01-03
    (9, 9, '2025-01-03', 8.0, 'КУО/дм³'),
    (10, 9, '2025-01-03', 3.2, 'яйця гельмінтів/дм³'),
    (11, 9, '2025-01-03', 2.1, 'бали'),
    (12, 9, '2025-01-03', 0.84, 'мг/дм³'),
    (13, 9, '2025-01-03', 0.074, 'мг/дм³'),
    (14, 9, '2025-01-03', 0.170, 'мЗв/рік'),
    (15, 9, '2025-01-03', 10.0, 'індекс'),

    -- 2025-01-04
    (9, 9, '2025-01-04', 10.0, 'КУО/дм³'),
    (10, 9, '2025-01-04', 3.3, 'яйця гельмінтів/дм³'),
    (11, 9, '2025-01-04', 2.2, 'бали'),
    (12, 9, '2025-01-04', 0.86, 'мг/дм³'),
    (13, 9, '2025-01-04', 0.076, 'мг/дм³'),
    (14, 9, '2025-01-04', 0.175, 'мЗв/рік'),
    (15, 9, '2025-01-04', 12.0, 'індекс'),

    -- 2025-01-05
    (9, 9, '2025-01-05', 20.0, 'КУО/дм³'),
    (10, 9, '2025-01-05', 3.4, 'яйця гельмінтів/дм³'),
    (11, 9, '2025-01-05', 2.3, 'бали'),
    (12, 9, '2025-01-05', 0.88, 'мг/дм³'),
    (13, 9, '2025-01-05', 0.078, 'мг/дм³'),
    (14, 9, '2025-01-05', 0.180, 'мЗв/рік'),
    (15, 9, '2025-01-05', 34.0, 'індекс'),

    -- 2025-01-06
    (9, 9, '2025-01-06', 8.0, 'КУО/дм³'),
    (10, 9, '2025-01-06', 3.5, 'яйця гельмінтів/дм³'),
    (11, 9, '2025-01-06', 2.4, 'бали'),
    (12, 9, '2025-01-06', 0.90, 'мг/дм³'),
    (13, 9, '2025-01-06', 0.080, 'мг/дм³'),
    (14, 9, '2025-01-06', 0.185, 'мЗв/рік'),
    (15, 9, '2025-01-06', 24.0, 'індекс'),

    -- 2025-01-07
    (9, 9, '2025-01-07', 5.0, 'КУО/дм³'),
    (10, 9, '2025-01-07', 3.6, 'яйця гельмінтів/дм³'),
    (11, 9, '2025-01-07', 2.5, 'бали'),
    (12, 9, '2025-01-07', 0.92, 'мг/дм³'),
    (13, 9, '2025-01-07', 0.082, 'мг/дм³'),
    (14, 9, '2025-01-07', 0.190, 'мЗв/рік'),
    (15, 9, '2025-01-07', 15.0, 'індекс');

INSERT INTO component_measurement (component_id, factory_id, measurement_date, value, unit)
VALUES 
    -- Валовий внутрішній продукт (component_id = 30)
    (30, 9, '2025-01-01', 285000.0, 'млн грн'),

    -- Вантажообіг (component_id = 31)
    (31, 9, '2025-01-01', 5700.0, 'тис. тонн'),

    -- Пасажирообіг (component_id = 32)
    (32, 9, '2025-01-01', 14000.0, 'тис. пасажирів'),

    -- Експорт товарів та послуг (component_id = 33)
    (33, 9, '2025-01-01', 83000.0, 'млн грн'),

    -- Імпорт товарів та послуг (component_id = 34)
    (34, 9, '2025-01-01', 73000.0, 'млн грн'),

    -- Заробітна плата (component_id = 35)
    (35, 9, '2025-01-01', 17500.0, 'грн'),

    -- Індекс промислової продукції (component_id = 36)
    (36, 9, '2025-01-01', 115.0, 'індекс'),

    -- Індекс обсягу сільськогосподарського виробництва (component_id = 37)
    (37, 9, '2025-01-01', 109.0, 'індекс'),

    -- Індекс будівельної продукції (component_id = 38)
    (38, 9, '2025-01-01', 103.0, 'індекс'),

    -- Індекс споживчих цін (component_id = 39)
    (39, 9, '2025-01-01', 105.5, 'індекс'),

    -- Індекс цін виробників промислової продукції (component_id = 40)
    (40, 9, '2025-01-01', 110.0, 'індекс'); 

    INSERT INTO component_measurement (component_id, factory_id, measurement_date, value, unit)
VALUES 
    -- 2025-01-02
    (30, 9, '2025-01-02', 287000.0, 'млн грн'),
    (31, 9, '2025-01-02', 5730.0, 'тис. тонн'),
    (32, 9, '2025-01-02', 14150.0, 'тис. пасажирів'),
    (33, 9, '2025-01-02', 83500.0, 'млн грн'),
    (34, 9, '2025-01-02', 73500.0, 'млн грн'),
    (35, 9, '2025-01-02', 17600.0, 'грн'),
    (36, 9, '2025-01-02', 115.5, 'індекс'),
    (37, 9, '2025-01-02', 109.5, 'індекс'),
    (38, 9, '2025-01-02', 103.2, 'індекс'),
    (39, 9, '2025-01-02', 105.8, 'індекс'),
    (40, 9, '2025-01-02', 110.3, 'індекс'),

    -- 2025-01-03
    (30, 9, '2025-01-03', 289000.0, 'млн грн'),
    (31, 9, '2025-01-03', 5760.0, 'тис. тонн'),
    (32, 9, '2025-01-03', 14300.0, 'тис. пасажирів'),
    (33, 9, '2025-01-03', 84000.0, 'млн грн'),
    (34, 9, '2025-01-03', 74000.0, 'млн грн'),
    (35, 9, '2025-01-03', 17700.0, 'грн'),
    (36, 9, '2025-01-03', 116.0, 'індекс'),
    (37, 9, '2025-01-03', 110.0, 'індекс'),
    (38, 9, '2025-01-03', 103.5, 'індекс'),
    (39, 9, '2025-01-03', 106.0, 'індекс'),
    (40, 9, '2025-01-03', 110.5, 'індекс'),

    -- 2025-01-04
    (30, 9, '2025-01-04', 291500.0, 'млн грн'),
    (31, 9, '2025-01-04', 5790.0, 'тис. тонн'),
    (32, 9, '2025-01-04', 14450.0, 'тис. пасажирів'),
    (33, 9, '2025-01-04', 84500.0, 'млн грн'),
    (34, 9, '2025-01-04', 74500.0, 'млн грн'),
    (35, 9, '2025-01-04', 17800.0, 'грн'),
    (36, 9, '2025-01-04', 116.5, 'індекс'),
    (37, 9, '2025-01-04', 110.5, 'індекс'),
    (38, 9, '2025-01-04', 103.8, 'індекс'),
    (39, 9, '2025-01-04', 106.2, 'індекс'),
    (40, 9, '2025-01-04', 110.8, 'індекс'),

    -- 2025-01-05
    (30, 9, '2025-01-05', 294000.0, 'млн грн'),
    (31, 9, '2025-01-05', 5830.0, 'тис. тонн'),
    (32, 9, '2025-01-05', 14600.0, 'тис. пасажирів'),
    (33, 9, '2025-01-05', 85000.0, 'млн грн'),
    (34, 9, '2025-01-05', 75000.0, 'млн грн'),
    (35, 9, '2025-01-05', 17900.0, 'грн'),
    (36, 9, '2025-01-05', 117.0, 'індекс'),
    (37, 9, '2025-01-05', 111.0, 'індекс'),
    (38, 9, '2025-01-05', 104.0, 'індекс'),
    (39, 9, '2025-01-05', 106.5, 'індекс'),
    (40, 9, '2025-01-05', 111.0, 'індекс'),

    -- 2025-01-06
    (30, 9, '2025-01-06', 296500.0, 'млн грн'),
    (31, 9, '2025-01-06', 5860.0, 'тис. тонн'),
    (32, 9, '2025-01-06', 14750.0, 'тис. пасажирів'),
    (33, 9, '2025-01-06', 85500.0, 'млн грн'),
    (34, 9, '2025-01-06', 75500.0, 'млн грн'),
    (35, 9, '2025-01-06', 18000.0, 'грн'),
    (36, 9, '2025-01-06', 117.5, 'індекс'),
    (37, 9, '2025-01-06', 111.5, 'індекс'),
    (38, 9, '2025-01-06', 104.2, 'індекс'),
    (39, 9, '2025-01-06', 106.8, 'індекс'),
    (40, 9, '2025-01-06', 111.2, 'індекс'),

    -- 2025-01-07
    (30, 9, '2025-01-07', 299000.0, 'млн грн'),
    (31, 9, '2025-01-07', 5900.0, 'тис. тонн'),
    (32, 9, '2025-01-07', 14900.0, 'тис. пасажирів'),
    (33, 9, '2025-01-07', 86000.0, 'млн грн'),
    (34, 9, '2025-01-07', 76000.0, 'млн грн'),
    (35, 9, '2025-01-07', 18100.0, 'грн'),
    (36, 9, '2025-01-07', 118.0, 'індекс'),
    (37, 9, '2025-01-07', 112.0, 'індекс'),
    (38, 9, '2025-01-07', 104.5, 'індекс'),
    (39, 9, '2025-01-07', 107.0, 'індекс'),
    (40, 9, '2025-01-07', 111.5, 'індекс');

INSERT INTO component_measurement (component_id, factory_id, measurement_date, value, unit)
VALUES 
    -- Гумус (component_id = 16)
    (16, 10, '2025-01-01', 4.8, '%'),

    -- Рухомі сполуки фосфору (P2O5) (component_id = 17)
    (17, 10, '2025-01-01', 51.0, 'мг/кг'),

    -- Рухомі сполуки калію (K2O) (component_id = 18)
    (18, 10, '2025-01-01', 36.0, 'мг/кг'),

    -- Засоленість (component_id = 19)
    (19, 10, '2025-01-01', 0.9, '‰'),

    -- Солонцюватість (component_id = 20)
    (20, 10, '2025-01-01', 0.45, '‰'),

    -- Забруднення хімічними речовинами (component_id = 21)
    (21, 10, '2025-01-01', 3.5, 'мг/кг'),

    -- pH (component_id = 22)
    (22, 10, '2025-01-01', 6.0, 'pH'),

    -- Бал бонітету для складового ґрунту (component_id = 23)
    (23, 10, '2025-01-01', 74.0, 'бал'); 

    INSERT INTO component_measurement (component_id, factory_id, measurement_date, value, unit)
VALUES 
    -- 2025-01-02
    (16, 10, '2025-01-02', 4.9, '%'),
    (17, 10, '2025-01-02', 52.0, 'мг/кг'),
    (18, 10, '2025-01-02', 37.0, 'мг/кг'),
    (19, 10, '2025-01-02', 0.91, '‰'),
    (20, 10, '2025-01-02', 0.46, '‰'),
    (21, 10, '2025-01-02', 3.6, 'мг/кг'),
    (22, 10, '2025-01-02', 6.1, 'pH'),
    (23, 10, '2025-01-02', 74.5, 'бал'),

    -- 2025-01-03
    (16, 10, '2025-01-03', 5.0, '%'),
    (17, 10, '2025-01-03', 53.5, 'мг/кг'),
    (18, 10, '2025-01-03', 38.0, 'мг/кг'),
    (19, 10, '2025-01-03', 0.92, '‰'),
    (20, 10, '2025-01-03', 0.47, '‰'),
    (21, 10, '2025-01-03', 3.7, 'мг/кг'),
    (22, 10, '2025-01-03', 6.2, 'pH'),
    (23, 10, '2025-01-03', 75.0, 'бал'),

    -- 2025-01-04
    (16, 10, '2025-01-04', 5.1, '%'),
    (17, 10, '2025-01-04', 54.0, 'мг/кг'),
    (18, 10, '2025-01-04', 39.0, 'мг/кг'),
    (19, 10, '2025-01-04', 0.93, '‰'),
    (20, 10, '2025-01-04', 0.48, '‰'),
    (21, 10, '2025-01-04', 3.8, 'мг/кг'),
    (22, 10, '2025-01-04', 6.3, 'pH'),
    (23, 10, '2025-01-04', 75.5, 'бал'),

    -- 2025-01-05
    (16, 10, '2025-01-05', 5.2, '%'),
    (17, 10, '2025-01-05', 55.0, 'мг/кг'),
    (18, 10, '2025-01-05', 40.0, 'мг/кг'),
    (19, 10, '2025-01-05', 0.94, '‰'),
    (20, 10, '2025-01-05', 0.49, '‰'),
    (21, 10, '2025-01-05', 3.9, 'мг/кг'),
    (22, 10, '2025-01-05', 6.4, 'pH'),
    (23, 10, '2025-01-05', 76.0, 'бал'),

    -- 2025-01-06
    (16, 10, '2025-01-06', 5.3, '%'),
    (17, 10, '2025-01-06', 56.0, 'мг/кг'),
    (18, 10, '2025-01-06', 41.0, 'мг/кг'),
    (19, 10, '2025-01-06', 0.95, '‰'),
    (20, 10, '2025-01-06', 0.50, '‰'),
    (21, 10, '2025-01-06', 4.0, 'мг/кг'),
    (22, 10, '2025-01-06', 6.5, 'pH'),
    (23, 10, '2025-01-06', 76.5, 'бал'),

    -- 2025-01-07
    (16, 10, '2025-01-07', 5.4, '%'),
    (17, 10, '2025-01-07', 57.0, 'мг/кг'),
    (18, 10, '2025-01-07', 42.0, 'мг/кг'),
    (19, 10, '2025-01-07', 0.96, '‰'),
    (20, 10, '2025-01-07', 0.51, '‰'),
    (21, 10, '2025-01-07', 4.1, 'мг/кг'),
    (22, 10, '2025-01-07', 6.6, 'pH'),
    (23, 10, '2025-01-07', 77.0, 'бал');

INSERT INTO component_measurement (component_id, factory_id, measurement_date, value, unit)
VALUES 
    -- Обсяги використання води (component_id = 48)
    (48, 10, '2025-01-01', 590.0, 'м³'),

    -- Обсяги використання електроенергії (component_id = 49)
    (49, 10, '2025-01-01', 14000.0, 'кВт·год'),

    -- Обсяги використання газу (component_id = 50)
    (50, 10, '2025-01-01', 1720.0, 'м³'),

    -- Обсяги використання теплової енергії за кожен місяць (component_id = 51)
    (51, 10, '2025-01-01', 245.0, 'Гкал'),

    -- Середні обсяги споживання за місяць та рік (component_id = 52)
    (52, 10, '2025-01-01', 850.0, 'кВт·год/міс'),

    -- Енергоефективність будівлі або виробництва (component_id = 53)
    (53, 10, '2025-01-01', 0.96, 'коефіцієнт'); 

    INSERT INTO component_measurement (component_id, factory_id, measurement_date, value, unit)
VALUES 
    -- 2025-01-02
    (48, 10, '2025-01-02', 600.0, 'м³'),
    (49, 10, '2025-01-02', 14100.0, 'кВт·год'),
    (50, 10, '2025-01-02', 1740.0, 'м³'),
    (51, 10, '2025-01-02', 250.0, 'Гкал'),
    (52, 10, '2025-01-02', 855.0, 'кВт·год/міс'),
    (53, 10, '2025-01-02', 0.97, 'коефіцієнт'),

    -- 2025-01-03
    (48, 10, '2025-01-03', 610.0, 'м³'),
    (49, 10, '2025-01-03', 14250.0, 'кВт·год'),
    (50, 10, '2025-01-03', 1760.0, 'м³'),
    (51, 10, '2025-01-03', 255.0, 'Гкал'),
    (52, 10, '2025-01-03', 860.0, 'кВт·год/міс'),
    (53, 10, '2025-01-03', 0.98, 'коефіцієнт'),

    -- 2025-01-04
    (48, 10, '2025-01-04', 620.0, 'м³'),
    (49, 10, '2025-01-04', 14400.0, 'кВт·год'),
    (50, 10, '2025-01-04', 1780.0, 'м³'),
    (51, 10, '2025-01-04', 260.0, 'Гкал'),
    (52, 10, '2025-01-04', 865.0, 'кВт·год/міс'),
    (53, 10, '2025-01-04', 0.99, 'коефіцієнт'),

    -- 2025-01-05
    (48, 10, '2025-01-05', 630.0, 'м³'),
    (49, 10, '2025-01-05', 14550.0, 'кВт·год'),
    (50, 10, '2025-01-05', 1800.0, 'м³'),
    (51, 10, '2025-01-05', 265.0, 'Гкал'),
    (52, 10, '2025-01-05', 870.0, 'кВт·год/міс'),
    (53, 10, '2025-01-05', 1.00, 'коефіцієнт'),

    -- 2025-01-06
    (48, 10, '2025-01-06', 640.0, 'м³'),
    (49, 10, '2025-01-06', 14700.0, 'кВт·год'),
    (50, 10, '2025-01-06', 1820.0, 'м³'),
    (51, 10, '2025-01-06', 270.0, 'Гкал'),
    (52, 10, '2025-01-06', 875.0, 'кВт·год/міс'),
    (53, 10, '2025-01-06', 1.01, 'коефіцієнт'),

    -- 2025-01-07
    (48, 10, '2025-01-07', 650.0, 'м³'),
    (49, 10, '2025-01-07', 14850.0, 'кВт·год'),
    (50, 10, '2025-01-07', 1840.0, 'м³'),
    (51, 10, '2025-01-07', 275.0, 'Гкал'),
    (52, 10, '2025-01-07', 880.0, 'кВт·год/міс'),
    (53, 10, '2025-01-07', 1.02, 'коефіцієнт');

-- Добавляем поле region в таблицу eco_factory (если его нет)
ALTER TABLE eco_factory ADD COLUMN region VARCHAR(50);

-- Обновляем данные с регионами
UPDATE eco_factory SET region = 'Київська область'; 

-- Категории заходов (мероприятий)
CREATE TABLE IF NOT EXISTS measure_category (
    id SERIAL PRIMARY KEY,
    category_name VARCHAR(255) NOT NULL,
    description TEXT
);

INSERT INTO measure_category (category_name, description) VALUES 
    ('Охорона атмосферного повітря', 'Заходи, спрямовані на зменшення забруднення атмосферного повітря'),
    ('Охорона водних ресурсів', 'Заходи з охорони та раціонального використання водних ресурсів'),
    ('Охорона ґрунтів', 'Заходи щодо покращення стану ґрунтів та збільшення їх родючості'),
    ('Енергоефективність', 'Енергетичні заходи для забезпечення енергоефективності та енергозбереження'),
    ('Поводження з відходами', 'Заходи, спрямовані на зменшення кількості відходів та їх утилізацію'),
    ('Екологічна освіта', 'Заходи з екологічного виховання та освіти'),
    ('Економічний розвиток', 'Заходи, спрямовані на економічний розвиток регіону'),
    ('Охорона здоров''я', 'Заходи для покращення стану здоров''я населення');

-- Законодательные документы, регулирующие правила внедрения заходов
CREATE TABLE IF NOT EXISTS legislation_document (
    id SERIAL PRIMARY KEY,
    document_name VARCHAR(255) NOT NULL,
    document_number VARCHAR(50),
    issue_date DATE,
    document_type VARCHAR(100),
    issuing_authority VARCHAR(255),
    description TEXT,
    url VARCHAR(512)
);

INSERT INTO legislation_document (document_name, document_number, issue_date, document_type, issuing_authority, description, url) VALUES
    ('Про охорону навколишнього природного середовища', '1264-XII', '1991-06-25', 'Закон України', 'Верховна Рада України', 'Основний закон про охорону навколишнього середовища', 'https://zakon.rada.gov.ua/laws/show/1264-12'),
    ('Про охорону атмосферного повітря', '2707-XII', '1992-10-16', 'Закон України', 'Верховна Рада України', 'Закон про захист повітря від забруднення', 'https://zakon.rada.gov.ua/laws/show/2707-12'),
    ('Про відходи', '187/98-ВР', '1998-03-05', 'Закон України', 'Верховна Рада України', 'Закон про поводження з відходами', 'https://zakon.rada.gov.ua/laws/show/187/98-вр'),
    ('Про енергозбереження', '74/94-ВР', '1994-07-01', 'Закон України', 'Верховна Рада України', 'Закон про енергозбереження та енергоефективність', 'https://zakon.rada.gov.ua/laws/show/74/94-вр'),
    ('Водний кодекс України', '213/95-ВР', '1995-06-06', 'Кодекс', 'Верховна Рада України', 'Кодекс про використання водних ресурсів', 'https://zakon.rada.gov.ua/laws/show/213/95-вр'),
    ('Земельний кодекс України', '2768-III', '2001-10-25', 'Кодекс', 'Верховна Рада України', 'Кодекс про використання земельних ресурсів', 'https://zakon.rada.gov.ua/laws/show/2768-14'),
    ('Про забезпечення санітарного та епідемічного благополуччя населення', '4004-XII', '1994-02-24', 'Закон України', 'Верховна Рада України', 'Закон про санітарне та епідемічне благополуччя', 'https://zakon.rada.gov.ua/laws/show/4004-12'),
    ('Про оцінку впливу на довкілля', '2059-VIII', '2017-05-23', 'Закон України', 'Верховна Рада України', 'Закон про оцінку впливу на довкілля', 'https://zakon.rada.gov.ua/laws/show/2059-19');

-- Таблица заходов (мероприятий)
CREATE TABLE IF NOT EXISTS eco_measure (
    id SERIAL PRIMARY KEY,
    category_id INT NOT NULL,
    measure_name VARCHAR(255) NOT NULL,
    description TEXT,
    implementation_time VARCHAR(100), -- Время, необходимое для реализации
    estimated_cost DECIMAL(15, 2), -- Ориентировочная стоимость
    unit_of_measure VARCHAR(50), -- Единица измерения (например, "тыс. грн")
    effectiveness_description TEXT, -- Описание эффективности мероприятия
    FOREIGN KEY (category_id) REFERENCES measure_category (id) ON DELETE CASCADE
);

INSERT INTO eco_measure (category_id, measure_name, description, implementation_time, estimated_cost, unit_of_measure, effectiveness_description) VALUES
    -- Охорона атмосферного повітря
    (1, 'Встановлення сучасних фільтрів на промислових підприємствах', 'Встановлення високоефективних фільтрів для зменшення викидів забруднюючих речовин', '6-12 місяців', 2500000.00, 'грн', 'Зменшення викидів шкідливих речовин на 70-90%'),
    (1, 'Модернізація газоочисного обладнання', 'Заміна застарілого газоочисного обладнання на сучасне', '3-9 місяців', 1800000.00, 'грн', 'Зниження концентрації шкідливих речовин у викидах на 60-75%'),
    (1, 'Розвиток громадського транспорту та велоруху', 'Створення умов для зручного використання громадського транспорту та велоінфраструктури', '12-24 місяці', 5000000.00, 'грн', 'Зменшення викидів CO2 на 15-20% за рахунок зменшення кількості приватних автомобілів'),
    
    -- Охорона водних ресурсів
    (2, 'Очистка та ремонт споруд на водоймах', 'Проведення очисних робіт на водоймах та ремонт гідротехнічних споруд', '3-6 місяців', 1200000.00, 'грн', 'Покращення якості води на 30-40%'),
    (2, 'Модернізація очисних споруд стічних вод', 'Впровадження сучасних технологій очистки стічних вод', '6-18 місяців', 4500000.00, 'грн', 'Підвищення ефективності очистки стоків до 95-98%'),
    (2, 'Будівництво дощової каналізації', 'Створення системи дощової каналізації з елементами очистки', '12-24 місяці', 3200000.00, 'грн', 'Запобігання потрапляння забруднених стоків до водойм на 80-90%'),
    
    -- Охорона ґрунтів
    (3, 'Рекультивація порушених земель', 'Відновлення порушених земель та підвищення їх родючості', '12-36 місяців', 850000.00, 'грн', 'Відновлення родючості ґрунтів на площі до 100 га'),
    (3, 'Впровадження органічного землеробства', 'Перехід на органічне землеробство без використання хімічних добрив', '24-48 місяців', 1200000.00, 'грн', 'Підвищення якості ґрунтів та екологічної чистоти продукції'),
    (3, 'Відновлення полезахисних лісосмуг', 'Відновлення наявних та створення нових лісосмуг для захисту ґрунтів', '12-24 місяці', 950000.00, 'грн', 'Зменшення ерозії ґрунтів на 40-60%'),
    
    -- Енергоефективність
    (4, 'Термомодернізація будівель', 'Утеплення фасадів, заміна вікон, модернізація систем опалення', '3-12 місяців', 3500000.00, 'грн', 'Економія енергоресурсів на 30-50%'),
    (4, 'Встановлення енергоефективного освітлення', 'Заміна застарілих освітлювальних приладів на LED-освітлення', '1-3 місяці', 800000.00, 'грн', 'Зниження споживання електроенергії на освітлення на 60-80%'),
    (4, 'Впровадження відновлюваних джерел енергії', 'Встановлення сонячних панелей та вітрогенераторів', '6-12 місяців', 4200000.00, 'грн', 'Зниження залежності від традиційних джерел енергії на 20-40%'),
    
    -- Поводження з відходами
    (5, 'Впровадження системи роздільного збору відходів', 'Створення інфраструктури для роздільного збору та переробки відходів', '6-18 місяців', 2800000.00, 'грн', 'Зменшення обсягу відходів на полігонах на 30-50%'),
    (5, 'Будівництво сміттєпереробного комплексу', 'Створення сучасного комплексу з переробки твердих побутових відходів', '18-36 місяців', 28000000.00, 'грн', 'Переробка до 80% відходів та отримання вторинної сировини'),
    (5, 'Ліквідація несанкціонованих звалищ', 'Виявлення та ліквідація несанкціонованих звалищ з рекультивацією території', '3-12 місяців', 1500000.00, 'грн', 'Зменшення забруднення ґрунтів та підземних вод'),
    
    -- Екологічна освіта
    (6, 'Проведення еко-освітніх заходів у школах', 'Організація уроків, семінарів та екскурсій з екологічної тематики', '6-12 місяців', 350000.00, 'грн', 'Підвищення екологічної свідомості молоді'),
    (6, 'Інформаційні кампанії з екологічної тематики', 'Розробка та поширення соціальної реклами, брошур, проведення акцій', '3-12 місяців', 650000.00, 'грн', 'Підвищення екологічної обізнаності населення'),
    (6, 'Організація еко-фестивалів', 'Проведення громадських заходів екологічної спрямованості', '1-3 місяці', 420000.00, 'грн', 'Залучення громадськості до екологічних ініціатив'),
    
    -- Економічний розвиток
    (7, 'Підтримка екологічно чистих виробництв', 'Надання пільг та допомоги підприємствам з екологічно чистими технологіями', '12-36 місяців', 5500000.00, 'грн', 'Створення нових робочих місць та зменшення впливу на довкілля'),
    (7, 'Розвиток зеленого туризму', 'Створення інфраструктури та підтримка об''єктів зеленого туризму', '12-24 місяці', 3800000.00, 'грн', 'Збільшення туристичного потоку та доходів місцевих громад'),
    (7, 'Підтримка органічного сільського господарства', 'Допомога фермерам у переході на органічне виробництво', '24-48 місяців', 4200000.00, 'грн', 'Покращення якості продукції та зменшення забруднення ґрунтів'),
    
    -- Охорона здоров'я
    (8, 'Моніторинг стану здоров''я населення екологічно небезпечних регіонів', 'Проведення регулярних медичних обстежень населення', '12-36 місяців', 950000.00, 'грн', 'Раннє виявлення та профілактика захворювань'),
    (8, 'Створення рекреаційних зон', 'Облаштування парків та зон відпочинку з чистим повітрям', '12-24 місяці', 3200000.00, 'грн', 'Покращення умов відпочинку та оздоровлення населення'),
    (8, 'Інформаційні кампанії про здоровий спосіб життя', 'Просвітницька робота щодо впливу екології на здоров''я', '6-12 місяців', 580000.00, 'грн', 'Підвищення обізнаності населення про екологічні ризики');

-- Ресурсы, необходимые для реализации заходов
CREATE TABLE IF NOT EXISTS measure_resource (
    id SERIAL PRIMARY KEY,
    measure_id INT NOT NULL,
    resource_name VARCHAR(255) NOT NULL,
    resource_type VARCHAR(100) NOT NULL, -- материальный, человеческий, финансовый
    quantity DECIMAL(10, 2),
    unit VARCHAR(50),
    cost_per_unit DECIMAL(12, 2),
    total_cost DECIMAL(15, 2),
    FOREIGN KEY (measure_id) REFERENCES eco_measure (id) ON DELETE CASCADE
);

INSERT INTO measure_resource (measure_id, resource_name, resource_type, quantity, unit, cost_per_unit, total_cost)
VALUES 
    -- 1. Охорона атмосферного повітря
    (1, 'Високоефективні фільтри', 'Матеріал', 50, 'шт', 50000.00, 2500000.00), -- Встановлення фільтрів
    (2, 'Газоочисне обладнання', 'Обладнання', 10, 'шт', 180000.00, 1800000.00), -- Модернізація обладнання
    (3, 'Електробуси', 'Транспорт', 20, 'шт', 250000.00, 5000000.00), -- Розвиток громадського транспорту
    
    -- 2. Охорона водних ресурсів
    (4, 'Очисне обладнання', 'Обладнання', 5, 'шт', 240000.00, 1200000.00), -- Очистка водойм
    (5, 'Модулі очистки стоків', 'Обладнання', 15, 'шт', 300000.00, 4500000.00), -- Модернізація очисних споруд
    (6, 'Труби для каналізації', 'Матеріал', 2000, 'м', 1600.00, 3200000.00), -- Будівництво дощової каналізації
    
    -- 3. Охорона ґрунтів
    (7, 'Органічні добрива', 'Матеріал', 10000, 'кг', 85.00, 850000.00), -- Рекультивація земель
    (8, 'Сільгосптехніка', 'Обладнання', 5, 'шт', 240000.00, 1200000.00), -- Органічне землеробство
    (9, 'Саджанці дерев', 'Матеріал', 5000, 'шт', 190.00, 950000.00), -- Відновлення лісосмуг
    
    -- 4. Енергоефективність
    (10, 'Утеплювач', 'Матеріал', 10000, 'м²', 350.00, 3500000.00), -- Термомодернізація будівель
    (11, 'LED-лампи', 'Матеріал', 2000, 'шт', 400.00, 800000.00), -- Енергоефективне освітлення
    (12, 'Сонячні панелі', 'Обладнання', 50, 'шт', 84000.00, 4200000.00), -- Відновлювані джерела енергії
    
    -- 5. Поводження з відходами
    (13, 'Контейнери для сортування', 'Матеріал', 500, 'шт', 5600.00, 2800000.00), -- Роздільний збір відходів
    (14, 'Сміттєпереробний завод', 'Обладнання', 1, 'шт', 28000000.00, 28000000.00), -- Сміттєпереробний комплекс
    (15, 'Техніка для рекультивації', 'Обладнання', 3, 'шт', 500000.00, 1500000.00), -- Ліквідація звалищ
    
    -- 6. Екологічна освіта
    (16, 'Навчальні матеріали', 'Матеріал', 10000, 'шт', 35.00, 350000.00), -- Еко-освіта у школах
    (17, 'Рекламні банери', 'Матеріал', 200, 'шт', 3250.00, 650000.00), -- Інформаційні кампанії
    (18, 'Обладнання для фестивалів', 'Обладнання', 10, 'шт', 42000.00, 420000.00), -- Еко-фестивалі
    
    -- 7. Економічний розвиток
    (19, 'Технологічне обладнання', 'Обладнання', 10, 'шт', 550000.00, 5500000.00), -- Підтримка еко-виробництв
    (20, 'Інфраструктура туризму', 'Матеріал', 100, 'одиниць', 38000.00, 3800000.00), -- Зелений туризм
    (21, 'Органічні насіння', 'Матеріал', 20000, 'кг', 210.00, 4200000.00), -- Органічне сільське господарство
    
    -- 8. Охорона здоров’я
    (22, 'Медичне обладнання', 'Обладнання', 5, 'шт', 190000.00, 950000.00), -- Моніторинг здоров’я
    (23, 'Лавки та озеленення', 'Матеріал', 200, 'шт', 16000.00, 3200000.00), -- Рекреаційні зони
    (24, 'Інформаційні буклети', 'Матеріал', 50000, 'шт', 11.60, 580000.00); -- Кампанії про здоровий спосіб життя

-- Связь между законодательными документами и заходами
CREATE TABLE IF NOT EXISTS measure_legislation (
    measure_id INT NOT NULL,
    legislation_id INT NOT NULL,
    PRIMARY KEY (measure_id, legislation_id),
    FOREIGN KEY (measure_id) REFERENCES eco_measure (id) ON DELETE CASCADE,
    FOREIGN KEY (legislation_id) REFERENCES legislation_document (id) ON DELETE CASCADE
);

INSERT INTO measure_legislation (measure_id, legislation_id) VALUES
    (1, 2), -- Фільтри - Закон про охорону атмосферного повітря
    (1, 1), -- Фільтри - Закон про охорону навколишнього середовища
    (2, 2), -- Модернізація газоочисного обладнання - Закон про охорону атмосферного повітря
    (2, 1), -- Модернізація газоочисного обладнання - Закон про охорону навколишнього середовища
    (3, 2), -- Розвиток громадського транспорту - Закон про охорону атмосферного повітря
    
    (4, 5), -- Очистка водойм - Водний кодекс
    (4, 1), -- Очистка водойм - Закон про охорону навколишнього середовища
    (5, 5), -- Модернізація очисних споруд - Водний кодекс
    (5, 1), -- Модернізація очисних споруд - Закон про охорону навколишнього середовища
    (6, 5), -- Будівництво дощової каналізації - Водний кодекс
    
    (7, 6), -- Рекультивація земель - Земельний кодекс
    (7, 1), -- Рекультивація земель - Закон про охорону навколишнього середовища
    (8, 6), -- Органічне землеробство - Земельний кодекс
    (9, 6), -- Відновлення лісосмуг - Земельний кодекс
    
    (10, 4), -- Термомодернізація - Закон про енергозбереження
    (11, 4), -- Енергоефективне освітлення - Закон про енергозбереження
    (12, 4), -- Відновлювані джерела - Закон про енергозбереження
    
    (13, 3), -- Роздільний збір - Закон про відходи
    (13, 1), -- Роздільний збір - Закон про охорону навколишнього середовища
    (14, 3), -- Сміттєпереробний комплекс - Закон про відходи
    (15, 3), -- Ліквідація звалищ - Закон про відходи
    (15, 1), -- Ліквідація звалищ - Закон про охорону навколишнього середовища
    
    (16, 1), -- Еко-освіта у школах - Закон про охорону навколишнього середовища
    (17, 1), -- Інформаційні кампанії - Закон про охорону навколишнього середовища
    (18, 1), -- Еко-фестивалі - Закон про охорону навколишнього середовища
    
    (19, 1), -- Підтримка еко-виробництв - Закон про охорону навколишнього середовища
    (19, 8), -- Підтримка еко-виробництв - Закон про оцінку впливу на довкілля
    (20, 1), -- Зелений туризм - Закон про охорону навколишнього середовища
    (21, 6), -- Органічне сільське господарство - Земельний кодекс
    
    (22, 7), -- Моніторинг здоров'я - Закон про санітарне благополуччя
    (22, 1), -- Моніторинг здоров'я - Закон про охорону навколишнього середовища
    (23, 1), -- Рекреаційні зони - Закон про охорону навколишнього середовища
    (24, 7); -- Кампанії про здоровий спосіб життя - Закон про санітарне благополуччя

-- Таблица для хранения выбранных заходов для конкретных объектов
CREATE TABLE IF NOT EXISTS factory_measure (
    id SERIAL PRIMARY KEY,
    factory_id INT NOT NULL,
    measure_id INT NOT NULL,
    priority INT, -- приоритет мероприятия
    status VARCHAR(50), -- статус: планируется, в процессе, завершено
    start_date DATE,
    planned_end_date DATE,
    actual_end_date DATE,
    notes TEXT,
    FOREIGN KEY (factory_id) REFERENCES eco_factory (id) ON DELETE CASCADE,
    FOREIGN KEY (measure_id) REFERENCES eco_measure (id) ON DELETE CASCADE
);

INSERT INTO factory_measure (factory_id, measure_id, priority, status, start_date, planned_end_date, actual_end_date)
VALUES 
    -- Сонячна Фабрика (4): Якість води (4-6), Стан ґрунтів (7-9)
    (4, 4, 2, 'завершено', '2024-06-01', '2024-12-01', '2024-11-15'), -- Очистка водойм (3-6 месяцев)
    (4, 7, 1, 'в процессе', '2024-09-01', '2025-09-01', NULL), -- Рекультивація земель (12-36 месяцев)
    
    -- Біо-Ресурс (3): Стан ґрунтів (7-9)
    (3, 8, 3, 'планируется', '2025-04-01', '2027-04-01', NULL), -- Органічне землеробство (24-48 месяцев)
    
    -- ХімПром Безпека (9): Якість води (4-6), Стан ґрунтів (7-9), Економічний стан (19-21)
    (9, 5, 1, 'в процессе', '2024-07-01', '2025-01-01', NULL), -- Модернізація очисних споруд (6-18 месяцев)
    (9, 9, 2, 'планируется', '2025-06-01', '2026-06-01', NULL), -- Відновлення лісосмуг (12-24 месяца)
    (9, 19, 3, 'завершено', '2023-01-01', '2024-01-01', '2023-12-20'), -- Підтримка еко-виробництв (12-36 месяцев)
    
    -- Водний Світ (5): Економічний стан (19-21), Стан здоров’я (22-24)
    (5, 20, 2, 'в процессе', '2024-05-01', '2025-05-01', NULL), -- Зелений туризм (12-24 месяца)
    (5, 22, 1, 'планируется', '2025-03-15', '2026-03-15', NULL), -- Моніторинг здоров’я (12-36 месяцев)
    
    -- ЕкоБуд Технології (10): Стан ґрунтів (7-9), Енергетичний стан (10-12)
    (10, 7, 1, 'завершено', '2024-03-01', '2025-03-01', '2025-02-20'), -- Рекультивація земель (12-36 месяцев)
    (10, 11, 3, 'в процессе', '2025-01-01', '2025-04-01', NULL), -- Енергоефективне освітлення (1-3 месяца)
    
    -- Зелена Енергія (2): Якість повітря (1-3), Якість води (4-6), Стан ґрунтів (7-9)
    (2, 1, 2, 'завершено', '2024-04-01', '2024-10-01', '2024-09-25'), -- Фільтри на підприємствах (6-12 месяцев)
    (2, 6, 1, 'в процессе', '2024-08-01', '2025-08-01', NULL), -- Дощова каналізація (12-24 месяца)
    (2, 8, 3, 'планируется', '2025-05-01', '2027-05-01', NULL), -- Органічне землеробство (24-48 месяцев)
    
    -- Металургічний Завод ЕКО (7): Економічний стан (19-21), Енергетичний стан (10-12)
    (7, 21, 2, 'в процессе', '2024-06-01', '2026-06-01', NULL), -- Органічне сільське господарство (24-48 месяцев)
    (7, 12, 1, 'завершено', '2024-05-01', '2024-11-01', '2024-10-30'), -- Відновлювані джерела (6-12 месяцев)
    
    -- Сільськогосподарський Центр (6): Стан здоров’я (22-24), Енергетичний стан (10-12)
    (6, 23, 3, 'планируется', '2025-04-01', '2026-04-01', NULL), -- Рекреаційні зони (12-24 месяца)
    (6, 10, 2, 'в процессе', '2024-10-01', '2025-04-01', NULL), -- Термомодернізація (3-12 месяцев)
    
    -- Екологічна Теплоенергія (8): Якість повітря (1-3), Стан ґрунтів (7-9), Стан здоров’я (22-24)
    (8, 2, 1, 'завершено', '2024-03-01', '2024-09-01', '2024-08-15'), -- Модернізація газоочисного (3-9 месяцев)
    (8, 9, 2, 'в процессе', '2024-07-01', '2025-07-01', NULL), -- Відновлення лісосмуг (12-24 месяца)
    (8, 24, 3, 'планируется', '2025-03-01', '2025-09-01', NULL), -- Кампанії про здоровий спосіб життя (6-12 месяцев) 

    -- ЕкоТех Пром (1): Якість повітря (1-3), Енергетичний стан (10-12)
    (1, 3, 2, 'в процессе', '2024-10-01', '2025-10-01', NULL), -- Розвиток громадського транспорту
    (1, 10, 1, 'завершено', '2024-05-01', '2024-11-01', '2024-10-25'); -- Термомодернізація

-- Таблица для хранения региональных программ (наборов заходов для региона)
CREATE TABLE IF NOT EXISTS regional_program (
    id SERIAL PRIMARY KEY,
    program_name VARCHAR(255) NOT NULL,
    description TEXT,
    start_date DATE,
    end_date DATE,
    status VARCHAR(50),
    total_budget DECIMAL(15, 2),
    created_by VARCHAR(100), -- имя эксперта, создавшего программу
    created_at TIMESTAMP DEFAULT CURRENT_TIMESTAMP
);

-- Заполнение таблицы regional_program демонстрационными данными
INSERT INTO regional_program (program_name, description, start_date, end_date, status, total_budget, created_by, created_at) VALUES 
-- 1 экологичная 
-- 2 энергетичная 
-- 3 водные ресурсы
-- 4 зелена энергетика 
-- 5 повітря
-- 6 відходи
-- 7 ліси
-- 8 освіта
-- 9 грунти
-- 10 оздоровлення басейну
    (
        'Програма екологічної модернізації м. Києва на 2024-2026 роки',
        'Комплексна програма покращення екологічного стану міста Києва шляхом впровадження сучасних технологій та заходів. Програма спрямована на зменшення забруднення повітря, водних ресурсів та ґрунтів, а також підвищення енергоефективності.',
        '2024-01-01',
        '2026-12-31',
        'планується',
        150000000.00,
        'Іванов О.П., Головний еколог міста',
        '2023-12-15 10:30:00'
    ),
    (
        'Програма енергетичної ефективності Київської області на 2024-2025 роки',
        'Програма заходів, спрямована на підвищення енергоефективності будівель, впровадження відновлюваних джерел енергії та зменшення споживання енергоресурсів у Київській області.',
        '2024-01-01',
        '2025-12-31',
        'планується',
        65000000.00,
        'Петренко В.А., Експерт з енергетики',
        '2023-12-10 14:15:00'
    ),
    (
        'Програма захисту водних ресурсів Дніпровського басейну на 2024-2027 роки',
        'Програма з охорони та відновлення водних ресурсів Дніпровського басейну. Передбачає комплекс заходів щодо очищення води, модернізації очисних споруд, відновлення прибережних екосистем.',
        '2024-03-01',
        '2027-02-28',
        'планується',
        95000000.00,
        'Ковальчук М.М., Керівник управління водних ресурсів',
        '2023-11-20 09:45:00'
    ),
    (
        'Програма розвитку зеленої енергетики Харківської області на 2024-2028 роки',
        'Стратегічна програма з розвитку відновлюваних джерел енергії у Харківській області. Включає будівництво сонячних та вітрових електростанцій, впровадження систем накопичення енергії, розвиток розумних мереж.',
        '2024-04-01',
        '2028-03-31',
        'планується',
        210000000.00,
        'Шевченко І.В., Енергетичний менеджер області',
        '2023-10-25 11:20:00'
    ),
    (
        'Програма зменшення промислового забруднення повітря Запорізької області на 2024-2026 роки',
        'Комплексна програма заходів із зменшення викидів шкідливих речовин у повітря від промислових підприємств Запорізької області. Передбачає встановлення фільтрів, модернізацію виробництва, впровадження чистих технологій.',
        '2024-02-01',
        '2026-01-31',
        'планується',
        85000000.00,
        'Сидоренко О.М., Головний еколог області',
        '2023-11-15 13:40:00'
    ),
    (
        'Програма розвитку переробки відходів в Одеській області на 2024-2026 роки',
        'Програма спрямована на вирішення проблеми утилізації відходів в Одеській області шляхом будівництва сміттєпереробних заводів, впровадження системи роздільного збору сміття та підвищення екологічної свідомості населення.',
        '2024-03-15',
        '2026-03-14',
        'планується',
        120000000.00,
        'Мельник К.С., Керівник департаменту екології',
        '2023-12-05 15:30:00'
    ),
    (
        'Програма відновлення лісових масивів Карпатського регіону на 2024-2029 роки',
        'Довгострокова програма з відновлення лісів у Карпатському регіоні, спрямована на боротьбу з вирубкою лісів, запобігання ерозії ґрунтів та повеней, збереження біорізноманіття.',
        '2024-04-15',
        '2029-04-14',
        'планується',
        180000000.00,
        'Карпенко Т.В., Голова управління лісового господарства',
        '2023-11-30 10:10:00'
    ),
    (
        'Програма екологічної освіти та виховання населення Львівської області на 2024-2025 роки',
        'Освітньо-просвітницька програма, спрямована на підвищення екологічної свідомості населення Львівської області шляхом проведення тренінгів, семінарів, фестивалів та інформаційних кампаній.',
        '2024-01-15',
        '2025-12-31',
        'затверджено',
        25000000.00,
        'Бондаренко Л.І., Керівник департаменту освіти',
        '2023-12-18 12:00:00'
    ),
    (
        'Програма моніторингу та покращення якості ґрунтів сільськогосподарських угідь на 2024-2027 роки',
        'Програма з моніторингу стану ґрунтів, впровадження органічного землеробства, рекультивації порушених земель та запобігання ерозії ґрунтів у сільськогосподарських регіонах України.',
        '2024-05-01',
        '2027-04-30',
        'планується',
        75000000.00,
        'Коваленко О.О., Експерт з агроекології',
        '2023-11-25 09:30:00'
    ),
    (
        'Програма оздоровлення басейну річки Південний Буг на 2024-2028 роки',
        'Комплексна програма з оздоровлення річки Південний Буг та її приток, що включає очищення русла, модернізацію очисних споруд, відновлення водного біорізноманіття та забезпечення якісного водопостачання прилеглих територій.',
        '2024-06-01',
        '2028-05-31',
        'планується',
        135000000.00,
        'Григоренко В.С., Керівник водного господарства',
        '2023-12-12 14:45:00'
    );

-- Таблица для связи региональных программ с заходами
CREATE TABLE IF NOT EXISTS program_measure (
    program_id INT NOT NULL,
    measure_id INT NOT NULL,
    priority INT, -- приоритет мероприятия в программе
    budget_allocation DECIMAL(15, 2), -- выделенный бюджет
    planned_start_date DATE,
    planned_end_date DATE,
    notes TEXT,
    PRIMARY KEY (program_id, measure_id),
    FOREIGN KEY (program_id) REFERENCES regional_program (id) ON DELETE CASCADE,
    FOREIGN KEY (measure_id) REFERENCES eco_measure (id) ON DELETE CASCADE
);

INSERT INTO program_measure (program_id, measure_id, priority, budget_allocation, planned_start_date, planned_end_date, notes)
VALUES 
    -- 1. Програма екологічної модернізації м. Києва (воздух, вода, грунты, энергоэффективность)
    (1, 1, 1, 2500000.00, '2024-03-01', '2024-09-01', 'Встановлення фільтрів на ключових підприємствах міста'),
    (1, 5, 2, 4500000.00, '2024-06-01', '2025-06-01', 'Модернізація очисних споруд у центральних районах'),
    (1, 7, 2, 850000.00, '2024-05-01', '2025-05-01', 'Рекультивація земель у промислових зонах'),
    (1, 10, 1, 3500000.00, '2024-02-01', '2024-12-01', 'Термомодернізація муніципальних будівель'),

    -- 2. Програма енергетичної ефективності Київської області (энергоэффективность)
    (2, 11, 1, 800000.00, '2024-02-01', '2024-05-01', 'Заміна освітлення в школах та лікарнях'),
    (2, 12, 2, 4200000.00, '2024-03-01', '2024-09-01', 'Встановлення сонячних панелей на адмінбудівлях'),

    -- 3. Захист водних ресурсів Дніпровського басейну (вода)
    (3, 4, 2, 1200000.00, '2024-04-01', '2024-10-01', 'Очистка малих річок басейну'),
    (3, 6, 1, 3200000.00, '2024-06-01', '2025-06-01', 'Будівництво дощової каналізації в прибережних зонах'),

    -- 4. Розвиток зеленої енергетики Харківської області (энергоэффективность)
    (4, 12, 1, 4200000.00, '2024-05-01', '2024-11-01', 'Будівництво сонячної станції в північній частині області'),
    (4, 10, 2, 3500000.00, '2024-06-01', '2025-06-01', 'Термомодернізація житлових будинків'),

    -- 5. Зменшення промислового забруднення повітря Запорізької області (воздух)
    (5, 2, 1, 1800000.00, '2024-03-01', '2024-09-01', 'Модернізація обладнання на металургійних заводах'),
    (5, 1, 2, 2500000.00, '2024-04-01', '2024-10-01', 'Встановлення фільтрів на хімічних підприємствах'),

    -- 6. Розвиток переробки відходів Одеської області (отходы)
    (6, 13, 2, 2800000.00, '2024-04-01', '2025-04-01', 'Впровадження роздільного збору в містах'),
    (6, 14, 1, 28000000.00, '2024-06-01', '2026-06-01', 'Будівництво сміттєпереробного комплексу в Одесі'),

    -- 7. Відновлення лісових масивів Карпатського регіону (грунты)
    (7, 9, 1, 950000.00, '2024-05-01', '2025-05-01', 'Відновлення лісосмуг у передгір’ях'),
    (7, 7, 2, 850000.00, '2024-06-01', '2025-06-01', 'Рекультивація земель після вирубки'),

    -- 8. Екологічна освіта Львівської області (экологическое образование)
    (8, 16, 1, 350000.00, '2024-02-01', '2024-08-01', 'Проведення еко-уроків у школах'),
    (8, 17, 2, 650000.00, '2024-03-01', '2024-09-01', 'Інформаційна кампанія в громадах'),

    -- 9. Моніторинг та покращення якості ґрунтів (грунты)
    (9, 8, 1, 1200000.00, '2024-06-01', '2026-06-01', 'Перехід ферм на органічне землеробство'),
    (9, 7, 2, 850000.00, '2024-07-01', '2025-07-01', 'Рекультивація земель у сільгоспзонах'),

    -- 10. Оздоровлення басейну Південний Буг (вода)
    (10, 5, 1, 4500000.00, '2024-07-01', '2025-07-01', 'Модернізація очисних споруд уздовж річки'),
    (10, 4, 2, 1200000.00, '2024-08-01', '2025-02-01', 'Очистка приток Південного Бугу');

    CREATE TABLE IF NOT EXISTS program_factory (
    program_id INT NOT NULL,
    factory_id INT NOT NULL,
    PRIMARY KEY (program_id, factory_id),
    FOREIGN KEY (program_id) REFERENCES regional_program (id) ON DELETE CASCADE,
    FOREIGN KEY (factory_id) REFERENCES eco_factory (id) ON DELETE CASCADE
);

-- Таблица для связи региональных программ с объектами
CREATE TABLE IF NOT EXISTS program_factory (
    program_id INT NOT NULL,
    factory_id INT NOT NULL,
    PRIMARY KEY (program_id, factory_id),
    FOREIGN KEY (program_id) REFERENCES regional_program (id) ON DELETE CASCADE,
    FOREIGN KEY (factory_id) REFERENCES eco_factory (id) ON DELETE CASCADE
);

INSERT INTO program_factory (program_id, factory_id) 
VALUES  
-- Сонячна Фабрика (4): Якість води (4-6), Стан ґрунтів (7-9)
(3, 4), 
(9, 4), 

-- Біо-Ресурс (3): Стан ґрунтів (7-9)
(9, 3), 

-- ХімПром Безпека (9): Якість води (4-6), Стан ґрунтів (7-9), Економічний стан (19-21)
(3, 9), 
(9, 9), 
(8, 9), 

-- Водний Світ (5): Економічний стан (19-21), Стан здоров’я (22-24)
(8, 5), 
(10, 5), 

-- ЕкоБуд Технології (10): Стан ґрунтів (7-9), Енергетичний стан (10-12)
(9, 10), 
(2, 10), 

-- Зелена Енергія (2): Якість повітря (1-3), Якість води (4-6), Стан ґрунтів (7-9)
(5, 2), 
(3, 2), 
(9, 2), 

-- Металургічний Завод ЕКО (7): Економічний стан (19-21), Енергетичний стан (10-12)
(8, 7), 
(4, 7), 

-- Сільськогосподарський Центр (6): Стан здоров’я (22-24), Енергетичний стан (10-12) 
(10, 6), 
(4, 6), 

-- Екологічна Теплоенергія (8): Якість повітря (1-3), Стан ґрунтів (7-9), Стан здоров’я (22-24)
(5, 8), 
(8, 8), 
(10, 8), 

-- ЕкоТех Пром (1): Якість повітря (1-3), Енергетичний стан (10-12) 
(5, 1), 
(2, 1);